title,sell_price,rating,num_ratings,orig_price
"SAMSUNG Galaxy F13 (Nightsky Green, 64 GB)","₹14,999",4.4,"57,902 Ratings & 2,816 Reviews",
"APPLE iPhone 11 (White, 128 GB)","₹46,990",4.6,"1,46,833 Ratings & 9,055 Reviews","₹48,900"
"SAMSUNG Galaxy F13 (Waterfall Blue, 64 GB)","₹14,999",4.4,"57,902 Ratings & 2,816 Reviews",
"APPLE iPhone 11 (Black, 128 GB)","₹46,990",4.6,"1,46,833 Ratings & 9,055 Reviews","₹48,900"
"SAMSUNG Galaxy F13 (Sunrise Copper, 64 GB)","₹14,999",4.4,"57,902 Ratings & 2,816 Reviews",
"APPLE iPhone 11 (Red, 64 GB)","₹41,990",4.6,"1,46,833 Ratings & 9,055 Reviews","₹43,900"
"APPLE iPhone 11 (White, 64 GB)","₹41,990",4.6,"1,46,833 Ratings & 9,055 Reviews","₹43,900"
"realme C30 (Denim Black, 32 GB)","₹5,699",4.4,"39,152 Ratings & 1,784 Reviews","₹8,499"
"realme C30 (Lake Blue, 32 GB)","₹5,699",4.4,"39,152 Ratings & 1,784 Reviews","₹8,499"
"REDMI 10 (Pacific Blue, 64 GB)","₹14,999",4.3,"1,10,110 Ratings & 7,096 Reviews",
"APPLE iPhone 11 (Red, 128 GB)","₹46,990",4.6,"1,46,833 Ratings & 9,055 Reviews","₹48,900"
"APPLE iPhone 11 (Black, 64 GB)","₹41,990",4.6,"1,46,833 Ratings & 9,055 Reviews","₹43,900"
"realme C33 (Night Sea, 32 GB)","₹8,999",4.4,"7,262 Ratings & 307 Reviews","₹11,999"
"REDMI 10 (Midnight Black, 64 GB)","₹14,999",4.3,"1,10,110 Ratings & 7,096 Reviews",
"realme C33 (Aqua Blue, 64 GB)","₹9,999",4.5,"29,990 Ratings & 1,128 Reviews","₹12,999"
"realme C33 (Night Sea, 64 GB)","₹9,999",4.5,"29,990 Ratings & 1,128 Reviews","₹12,999"
"realme C33 (Sandy Gold, 32 GB)","₹8,999",4.4,"7,262 Ratings & 307 Reviews","₹11,999"
"realme C33 (Sandy Gold, 64 GB)","₹9,999",4.5,"29,990 Ratings & 1,128 Reviews","₹12,999"
"realme C30 (Bamboo Green, 32 GB)","₹5,699",4.4,"39,152 Ratings & 1,784 Reviews","₹8,499"
"POCO C31 (Royal Blue, 64 GB)","₹9,499",4.3,"1,40,803 Ratings & 8,876 Reviews","₹11,999"
"realme 9i 5G (Metallica Gold, 64 GB)","₹12,999",4.5,"19,708 Ratings & 819 Reviews","₹17,999"
"REDMI 10 (Caribbean Green, 64 GB)","₹14,999",4.3,"1,10,110 Ratings & 7,096 Reviews",
"realme 8i (Space Purple, 64 GB)","₹10,499",4.5,"1,66,417 Ratings & 10,563 Reviews","₹15,999"
"realme 8i (Space Black, 64 GB)","₹10,499",4.5,"1,66,417 Ratings & 10,563 Reviews","₹15,999"
,,,,
,,,,
"realme C21Y (Cross Black, 64 GB)","₹8,499",4.5,"2,50,670 Ratings & 9,506 Reviews","₹10,999"
"realme C11 2021 (Cool Blue, 32 GB)","₹6,249",4.4,"2,29,229 Ratings & 10,049 Reviews","₹7,999"
"realme C11 2021 (Cool Grey, 32 GB)","₹6,249",4.4,"2,29,229 Ratings & 10,049 Reviews","₹7,999"
"realme C30 (Denim Black, 32 GB)","₹6,499",4.2,"12,709 Ratings & 725 Reviews","₹9,299"
"REDMI 9i Sport (Metallic Blue, 64 GB)","₹9,999",4.4,"1,64,895 Ratings & 9,410 Reviews",
"realme C21Y (Cross Blue, 32 GB)","₹7,499",4.6,"87,788 Ratings & 3,012 Reviews","₹9,999"
"realme C21Y (Cross Black, 32 GB)","₹7,499",4.6,"87,788 Ratings & 3,012 Reviews","₹9,999"
"realme C21Y (Cross Blue, 64 GB)","₹8,499",4.5,"2,50,670 Ratings & 9,506 Reviews","₹10,999"
"APPLE iPhone 13 (Pink, 128 GB)","₹66,990",4.7,"1,26,925 Ratings & 6,764 Reviews","₹69,900"
"POCO C31 (Shadow Gray, 64 GB)","₹9,499",4.3,"1,38,167 Ratings & 8,631 Reviews","₹11,999"
"REDMI Note 11 SE (Bifrost Blue, 64 GB)","₹16,999",4.3,"9,592 Ratings & 476 Reviews",
"Realme C30 - Locked with Airtel Prepaid (Lake Blue, 32 GB)","₹5,099",4.4,"37,607 Ratings & 1,663 Reviews","₹8,499"
"Realme C30 - Locked with Airtel Prepaid (Bamboo Green, 32 GB)","₹5,099",4.4,"37,607 Ratings & 1,663 Reviews","₹8,499"
"realme 8s 5G (Universe Blue, 128 GB)","₹14,999",4.4,"73,669 Ratings & 6,053 Reviews","₹20,999"
"MOTOROLA e40 (Carbon Gray, 64 GB)","₹8,599",4.1,"37,441 Ratings & 3,926 Reviews","₹10,999"
"realme 9i 5G (Soulful Blue, 128 GB)","₹16,999",4.3,"2,166 Ratings & 148 Reviews","₹19,999"
"realme 9i 5G (Rocking Black, 64 GB)","₹12,999",4.5,"19,141 Ratings & 785 Reviews","₹17,999"
"realme 9i 5G (Metallica Gold, 128 GB)","₹16,999",4.3,"2,166 Ratings & 148 Reviews","₹19,999"
"realme 9i 5G (Soulful Blue, 64 GB)","₹12,999",4.5,"19,141 Ratings & 785 Reviews","₹17,999"
"MOTOROLA e40 (Pink Clay, 64 GB)","₹8,599",4.1,"37,441 Ratings & 3,926 Reviews","₹10,999"
"Infinix HOT 12 Play (Horizon Blue, 64 GB)","₹8,999",4.3,"83,670 Ratings & 6,371 Reviews","₹11,999"
"REDMI 9i Sport (Coral Green, 64 GB)","₹9,999",4.4,"1,64,895 Ratings & 9,410 Reviews",
"realme 8s 5G (Universe Purple, 128 GB)","₹14,999",4.4,"73,669 Ratings & 6,053 Reviews","₹20,999"
"SAMSUNG Galaxy F23 5G (Forest Green, 128 GB)","₹23,999",4.3,"87,817 Ratings & 7,419 Reviews",
,,,,
,,,,
"SAMSUNG Galaxy F23 5G (Forest Green, 128 GB)","₹23,999",4.3,"89,856 Ratings & 7,602 Reviews",
"realme C30 (Lake Blue, 32 GB)","₹6,499",4.2,"13,313 Ratings & 768 Reviews","₹9,299"
GFive V8,₹749,3.8,123 Ratings & 9 Reviews,
"realme C25_Y (Metal Grey, 64 GB)","₹8,999",4.5,"43,994 Ratings & 2,134 Reviews","₹12,999"
"APPLE iPhone 11 (Purple, 64 GB)","₹41,990",4.6,"1,46,833 Ratings & 9,055 Reviews","₹43,900"
"vivo T1 5G (Rainbow Fantasy, 128 GB)","₹15,990",4.3,"45,794 Ratings & 3,922 Reviews","₹19,990"
"vivo T1 5G (Rainbow Fantasy, 128 GB)","₹16,990",4.4,"1,23,111 Ratings & 10,678 Reviews","₹20,990"
"realme C25_Y (Glacier Blue, 64 GB)","₹8,999",4.5,"43,994 Ratings & 2,134 Reviews","₹12,999"
"APPLE iPhone 13 (Starlight, 128 GB)","₹66,990",4.7,"1,30,703 Ratings & 6,967 Reviews","₹69,900"
"realme 9 5G (Supersonic Black, 64 GB)","₹15,999",4.5,"32,884 Ratings & 1,857 Reviews","₹18,999"
"realme 9 5G (Supersonic Blue, 64 GB)","₹15,999",4.5,"32,884 Ratings & 1,857 Reviews","₹18,999"
"realme 9 5G (Meteor Black, 64 GB)","₹15,999",4.5,"32,884 Ratings & 1,857 Reviews","₹18,999"
"realme 9 5G (Stargaze White, 64 GB)","₹15,999",4.5,"32,884 Ratings & 1,857 Reviews","₹18,999"
"Infinix HOT 12 Play (Champagne Gold, 64 GB)","₹8,999",4.3,"84,459 Ratings & 6,412 Reviews","₹11,999"
"Infinix HOT 12 Play (Racing Black, 64 GB)","₹8,999",4.3,"84,459 Ratings & 6,412 Reviews","₹11,999"
"Infinix HOT 12 Play (Daylight Green, 64 GB)","₹8,999",4.3,"84,459 Ratings & 6,412 Reviews","₹11,999"
"Infinix Hot 12 (Exploratory Blue, 64 GB)","₹9,999",4.3,"5,938 Ratings & 399 Reviews","₹12,999"
"realme C30 (Bamboo Green, 32 GB)","₹6,499",4.2,"13,313 Ratings & 768 Reviews","₹9,299"
Nokia 105 SS,"₹1,299",4.2,"11,491 Ratings & 839 Reviews","₹1,599"
"REDMI Note 11 SE (Space Black, 64 GB)","₹16,999",4.3,"10,012 Ratings & 507 Reviews",
"realme 9i 5G (Rocking Black, 128 GB)","₹16,999",4.3,"2,249 Ratings & 155 Reviews","₹19,999"
"Infinix Hot 12 (Turquoise Cyan, 64 GB)","₹9,999",4.3,"5,938 Ratings & 399 Reviews","₹12,999"
"Infinix Hot 12 (7° Purple, 64 GB)","₹9,999",4.3,"5,938 Ratings & 399 Reviews","₹12,999"
"Realme C30 - Locked with Airtel Prepaid (Denim Black, 32 GB)","₹5,099",4.4,"39,152 Ratings & 1,741 Reviews","₹8,499"
,,,,
"APPLE iPhone 13 (Midnight, 128 GB)","₹66,990",4.7,"1,30,703 Ratings & 6,967 Reviews","₹69,900"
"realme C35 (Glowing Green, 64 GB)","₹11,999",4.4,"1,29,662 Ratings & 8,082 Reviews","₹13,999"
"realme C35 (Glowing Black, 64 GB)","₹11,999",4.4,"1,29,662 Ratings & 8,082 Reviews","₹13,999"
"REDMI 9i Sport (Carbon Black, 64 GB)","₹9,999",4.4,"1,65,783 Ratings & 9,457 Reviews",
"realme 9 5G (Meteor Black, 128 GB)","₹14,999",4.5,"29,741 Ratings & 1,925 Reviews","₹20,999"
Nokia 105 PLUS,"₹1,299",4.1,"2,711 Ratings & 200 Reviews","₹1,699"
Nokia 105 PLUS,"₹1,299",4.1,"2,711 Ratings & 200 Reviews","₹1,699"
"SAMSUNG Galaxy F23 5G (Aqua Blue, 128 GB)","₹18,499",4.3,"89,856 Ratings & 7,602 Reviews","₹23,999"
"APPLE iPhone 13 (Green, 128 GB)","₹66,990",4.7,"1,30,703 Ratings & 6,967 Reviews","₹69,900"
"realme 9 5G (Stargaze White, 128 GB)","₹14,999",4.5,"29,741 Ratings & 1,925 Reviews","₹20,999"
"vivo T1 44W (Starry Sky, 128 GB)","₹14,499",4.4,"53,273 Ratings & 3,993 Reviews","₹19,990"
"vivo T1 44W (Ice Dawn, 128 GB)","₹14,499",4.4,"53,273 Ratings & 3,993 Reviews","₹19,990"
"vivo T1 44W (Midnight Galaxy, 128 GB)","₹14,499",4.4,"53,273 Ratings & 3,993 Reviews","₹19,990"
"APPLE iPhone 13 ((PRODUCT)RED, 128 GB)","₹66,990",4.7,"1,30,703 Ratings & 6,967 Reviews","₹69,900"
"Infinix Hot 12 (Polar Black, 64 GB)","₹9,999",4.3,"5,938 Ratings & 399 Reviews","₹12,999"
"SAMSUNG Galaxy F23 5G (Copper Blush, 128 GB)","₹23,999",4.3,"89,856 Ratings & 7,602 Reviews",
"POCO M4 Pro (Cool Blue, 128 GB)","₹16,499",4.3,"93,105 Ratings & 8,558 Reviews","₹19,999"
"APPLE iPhone 11 (Green, 128 GB)","₹46,990",4.6,"1,46,833 Ratings & 9,055 Reviews","₹48,900"
"realme 9 5G (Supersonic Black, 128 GB)","₹14,999",4.5,"29,741 Ratings & 1,925 Reviews","₹20,999"
"realme 8 (Cyber Silver, 128 GB)","₹12,999",4.4,"1,18,617 Ratings & 10,507 Reviews","₹16,999"
"realme 8 (Cyber Silver, 128 GB)","₹17,999",4.4,"94,628 Ratings & 8,349 Reviews","₹18,999"
"OPPO F19 (Prism Black, 128 GB)","₹14,990",4.3,"14,853 Ratings & 1,112 Reviews","₹20,990"
"vivo T1 44W (Starry Sky, 128 GB)","₹15,999",4.4,"30,205 Ratings & 2,432 Reviews","₹20,990"
"POCO M4 5G (Power Black, 64 GB)","₹12,999",4.2,"32,570 Ratings & 2,673 Reviews","₹15,999"
,,,,
,,,,
"vivo T1 44W (Ice Dawn, 128 GB)","₹15,999",4.4,"29,726 Ratings & 2,398 Reviews","₹20,990"
"POCO M4 Pro (Power Black, 128 GB)","₹16,499",4.3,"91,466 Ratings & 8,412 Reviews","₹19,999"
"vivo T1 5G (Silky White, 128 GB)","₹15,990",4.3,"45,458 Ratings & 3,897 Reviews","₹19,990"
"vivo T1 5G (Starlight Black, 128 GB)","₹16,990",4.4,"1,21,831 Ratings & 10,612 Reviews","₹20,990"
"vivo T1 5G (Starlight Black, 128 GB)","₹15,990",4.3,"45,458 Ratings & 3,897 Reviews","₹19,990"
"vivo T1 5G (Silky White, 128 GB)","₹16,990",4.4,"1,21,831 Ratings & 10,612 Reviews","₹20,990"
"REDMI Note 11 SE (Thunder Purple, 64 GB)","₹16,999",4.3,"9,592 Ratings & 476 Reviews",
"vivo T1X (Space Blue, 64 GB)","₹11,999",4.5,"44,602 Ratings & 2,296 Reviews","₹16,990"
"MOTOROLA g72 (Polar Blue, 128 GB)","₹18,999",4.1,142 Ratings & 30 Reviews,"₹21,999"
"realme 8s 5G (Universe Blue, 128 GB)","₹16,499",4.4,"51,343 Ratings & 4,646 Reviews","₹22,999"
"POCO M4 Pro (Power Black, 64 GB)","₹14,999",4.3,"91,466 Ratings & 8,412 Reviews","₹17,999"
"REDMI Note 11 SE (Cosmic White, 64 GB)","₹16,999",4.3,"9,592 Ratings & 476 Reviews",
"realme 8i (Space Black, 128 GB)","₹12,499",4.4,"69,316 Ratings & 4,869 Reviews","₹17,999"
"POCO M4 5G (Yellow, 64 GB)","₹12,999",4.2,"31,886 Ratings & 2,616 Reviews","₹15,999"
Nokia 105 SS,"₹1,299",4.2,"11,206 Ratings & 819 Reviews","₹1,599"
"MOTOROLA g31 (Meteorite Grey, 128 GB)","₹11,999",4.1,"9,262 Ratings & 1,069 Reviews","₹16,999"
"realme C35 (Glowing Black, 128 GB)","₹12,499",4.4,"1,28,035 Ratings & 8,025 Reviews","₹14,999"
"MOTOROLA g72 (Meteorite Grey, 128 GB)","₹18,999",4.1,142 Ratings & 30 Reviews,"₹21,999"
"Infinix Smart 6 HD (Aqua Sky, 32 GB)","₹6,999",4.5,"6,792 Ratings & 298 Reviews","₹8,999"
"Infinix Smart 6 HD (Origin Blue, 32 GB)","₹6,999",4.5,"6,792 Ratings & 298 Reviews","₹8,999"
"SAMSUNG GALAXY M13 (Midnight Blue, 64 GB)","₹9,978",4.3,360 Ratings & 21 Reviews,
"realme 8 (Cyber Black, 128 GB)","₹13,499",4.4,"1,20,284 Ratings & 9,929 Reviews","₹17,999"
"APPLE iPhone 11 (Purple, 128 GB)","₹46,990",4.6,"1,44,728 Ratings & 8,977 Reviews","₹48,900"
"Nothing Phone (1) 5G (White, 256 GB)","₹32,999",4.3,"28,255 Ratings & 4,062 Reviews","₹39,999"
,,,,
,,,,
"SAMSUNG GALAXY M13 (Midnight Blue, 64 GB)","₹9,978",4.2,376 Ratings & 23 Reviews,
"realme 8 (Cyber Black, 128 GB)","₹13,499",4.4,"1,20,308 Ratings & 9,931 Reviews","₹17,999"
"REDMI 9 Activ (Carbon Black, 64 GB)","₹8,354",4.2,"5,563 Ratings & 404 Reviews","₹9,499"
"SAMSUNG Galaxy F13 (Sunrise Copper, 128 GB)","₹16,999",4.4,"57,902 Ratings & 2,816 Reviews",
"APPLE iPhone 11 (Purple, 64 GB)","₹41,990",4.6,"1,46,833 Ratings & 9,055 Reviews","₹43,900"
"vivo T1X (Gravity Black, 64 GB)","₹11,999",4.5,"45,473 Ratings & 2,339 Reviews","₹16,990"
LAVA A3,"₹1,212",4.2,"25,901 Ratings & 2,707 Reviews","₹1,319"
"MOTOROLA G40 Fusion (Frosted Champagne, 128 GB)","₹13,499",4.2,"53,074 Ratings & 5,794 Reviews","₹19,999"
"REDMI Note 10S (Deep Sea Blue, 64 GB)","₹16,999",4.4,"77,154 Ratings & 5,231 Reviews",
"MOTOROLA G51 5G (Indigo Blue, 64 GB)","₹12,249",4.1,"12,794 Ratings & 1,640 Reviews","₹17,999"
"APPLE iPhone 12 Mini (Blue, 64 GB)","₹54,990",4.5,"1,13,281 Ratings & 9,088 Reviews","₹59,900"
"vivo T1X (Space Blue, 128 GB)","₹12,999",4.5,"45,473 Ratings & 2,339 Reviews","₹17,990"
"Infinix Note 12 (Force Black, 64 GB)","₹11,999",4.3,"14,883 Ratings & 1,523 Reviews","₹15,999"
"OPPO K10 (Blue Flame, 128 GB)","₹14,990",4.4,"69,313 Ratings & 5,279 Reviews","₹18,999"
"POCO M4 Pro 5G (Cool Blue, 128 GB)","₹16,999",4.2,"28,550 Ratings & 2,670 Reviews","₹19,999"
"Infinix Note 12 (Jewel Blue, 64 GB)","₹11,999",4.3,"14,883 Ratings & 1,523 Reviews","₹15,999"
"REDMI Note 10T 5G (Mint Green, 128 GB)","₹18,999",4.2,"26,751 Ratings & 2,067 Reviews",
"realme GT Neo 3T (Dash Yellow, 128 GB)","₹25,999",4.3,"5,747 Ratings & 743 Reviews","₹34,999"
"SAMSUNG Galaxy F13 (Nightsky Green, 128 GB)","₹16,999",4.4,"57,902 Ratings & 2,816 Reviews",
"POCO M4 5G (Power Black, 128 GB)","₹14,999",4.1,"15,640 Ratings & 1,287 Reviews","₹18,999"
"vivo T1 5G (Starlight Black, 128 GB)","₹19,990",4.3,"11,408 Ratings & 1,042 Reviews","₹23,990"
"vivo T1 5G (Rainbow Fantasy, 128 GB)","₹19,990",4.3,"11,408 Ratings & 1,042 Reviews","₹23,990"
"SAMSUNG Galaxy F22 (Denim Black, 128 GB)","₹13,999",4.3,"59,164 Ratings & 5,580 Reviews","₹16,999"
"SAMSUNG Galaxy F22 (Denim Blue, 64 GB)","₹10,999",4.3,"94,003 Ratings & 9,172 Reviews","₹14,999"
,,,,
,,,,
"vivo T1 44W (Midnight Galaxy, 128 GB)","₹15,999",4.4,"29,726 Ratings & 2,398 Reviews","₹20,990"
"OPPO K10 (Black Carbon, 128 GB)","₹14,990",4.4,"68,822 Ratings & 5,236 Reviews","₹18,999"
"vivo T1X (Gravity Black, 128 GB)","₹12,999",4.5,"44,602 Ratings & 2,296 Reviews","₹17,990"
"POCO M4 Pro (Yellow, 64 GB)","₹14,999",4.3,"91,466 Ratings & 8,412 Reviews","₹17,999"
"POCO M4 Pro (Yellow, 128 GB)","₹16,499",4.3,"91,466 Ratings & 8,412 Reviews","₹19,999"
"Infinix Smart 6 (Light Sea Green, 64 GB)","₹7,499",4.4,"19,695 Ratings & 1,339 Reviews","₹8,999"
"vivo Y53s (Deep Sea Blue, 128 GB)","₹15,490",4.3,"16,361 Ratings & 1,400 Reviews","₹22,990"
"Redmi 9A Sport (Metallic Blue, 32 GB)","₹7,940",4.2,"5,116 Ratings & 395 Reviews",
"REDMI 10A (Charcoal Black, 64 GB)","₹8,844",4.2,"3,251 Ratings & 218 Reviews",
"realme GT Neo 3T (Drifting White, 256 GB)","₹29,999",4.3,"2,766 Ratings & 360 Reviews","₹38,999"
"realme GT Neo 3T (Drifting White, 128 GB)","₹25,999",4.3,"5,498 Ratings & 710 Reviews","₹34,999"
"realme GT Neo 3T (Drifting White, 128 GB)","₹27,999",4.3,"2,766 Ratings & 360 Reviews","₹36,999"
"realme GT Neo 3T (Dash Yellow, 256 GB)","₹29,999",4.3,"2,766 Ratings & 360 Reviews","₹38,999"
"realme GT Neo 3T (Dash Yellow, 128 GB)","₹27,999",4.3,"2,766 Ratings & 360 Reviews","₹36,999"
"realme GT Neo 3T (Shade Black, 128 GB)","₹27,999",4.3,"2,766 Ratings & 360 Reviews","₹36,999"
"realme GT Neo 3T (Shade Black, 256 GB)","₹29,999",4.3,"2,766 Ratings & 360 Reviews","₹38,999"
"realme GT Neo 3T (Dash Yellow, 128 GB)","₹25,999",4.3,"5,498 Ratings & 710 Reviews","₹34,999"
"Moto G71 5G (Arctic Blue, 128 GB)","₹16,999",4.2,"17,267 Ratings & 2,091 Reviews","₹22,999"
"POCO M4 Pro (Cool Blue, 64 GB)","₹14,999",4.3,"91,466 Ratings & 8,412 Reviews","₹17,999"
"APPLE iPhone 11 (Green, 64 GB)","₹41,990",4.6,"1,44,728 Ratings & 8,977 Reviews","₹43,900"
"REDMI Note 10T 5G (Mint Green, 128 GB)","₹18,999",4.2,"26,560 Ratings & 2,055 Reviews",
"POCO M4 5G (Cool Blue, 64 GB)","₹12,999",4.2,"31,886 Ratings & 2,616 Reviews","₹15,999"
"REDMI 10 Prime (Phantom Black, 128 GB)","₹16,999",4.2,"5,765 Ratings & 422 Reviews",
"realme Narzo 50 (Speed Black, 128 GB)","₹13,749",4.4,"4,256 Ratings & 298 Reviews","₹17,999"
,,,,
,,,,
SAMSUNG GT-E1215,"₹1,599",4.3,"52,805 Ratings & 4,486 Reviews",
Motorola a10,"₹1,399",4.1,"4,105 Ratings & 496 Reviews","₹1,630"
"MOTOROLA g52 (Metallic White, 128 GB)","₹16,499",4.2,"11,739 Ratings & 1,526 Reviews","₹19,999"
"realme 8 (Cyber Black, 128 GB)","₹17,999",4.4,"94,628 Ratings & 8,349 Reviews","₹18,999"
"Infinix Smart 6 (Starry Purple, 64 GB)","₹7,499",4.4,"19,695 Ratings & 1,339 Reviews","₹8,999"
"MOTOROLA g31 (Baby Blue, 128 GB)","₹11,999",4.1,"9,262 Ratings & 1,069 Reviews","₹16,999"
"Redmi 9A Sport (Carbon Black, 32 GB)","₹6,804",4.2,"20,449 Ratings & 1,593 Reviews","₹6,993"
"REDMI 9 Activ (Coral Green, 64 GB)","₹8,437",4.2,"5,524 Ratings & 401 Reviews","₹9,780"
"REDMI 9 Activ (Carbon Black, 64 GB)","₹8,352",4.2,"5,524 Ratings & 401 Reviews","₹9,014"
MarQ by Flipkart M70 Shakti,₹899,3.9,"1,118 Ratings & 170 Reviews","₹1,599"
"REDMI 10 Prime 2022 (Astral White, 64 GB)","₹10,825",4.2,"2,019 Ratings & 141 Reviews",
"MOTOROLA g31 (Meteorite Grey, 64 GB)","₹10,499",4.2,"27,512 Ratings & 3,279 Reviews","₹13,999"
LAVA A1 Josh 2021,"₹1,055",4.1,"6,398 Ratings & 559 Reviews","₹1,249"
"Infinix Smart 6 (Heart Of Ocean, 64 GB)","₹7,499",4.4,"19,695 Ratings & 1,339 Reviews","₹8,999"
"realme 8s 5G (Universe Purple, 128 GB)","₹16,499",4.4,"51,343 Ratings & 4,646 Reviews","₹22,999"
"MOTOROLA g52 (Charcoal Grey, 128 GB)","₹16,499",4.2,"11,739 Ratings & 1,526 Reviews","₹19,999"
"SAMSUNG Galaxy F22 (Denim Blue, 128 GB)","₹13,999",4.3,"58,981 Ratings & 5,566 Reviews","₹16,999"
"realme 9 5G SE (Azure Glow, 128 GB)","₹16,999",4.4,"16,104 Ratings & 1,373 Reviews","₹24,999"
"realme 9 5G SE (Starry Glow, 128 GB)","₹16,999",4.4,"16,104 Ratings & 1,373 Reviews","₹24,999"
LAVA GEM,"₹1,680",4.2,"28,626 Ratings & 3,097 Reviews","₹1,849"
"POCO M4 Pro 5G (Power Black, 64 GB)","₹14,999",4.3,"23,215 Ratings & 2,080 Reviews","₹16,999"
"realme 9 5G SE (Azure Glow, 128 GB)","₹22,999",4.3,"1,607 Ratings & 145 Reviews","₹26,999"
"OPPO F19 Pro+ 5G (Space Silver, 128 GB)","₹17,990",4.3,"13,932 Ratings & 1,451 Reviews","₹29,990"
"realme 9 5G (Supersonic Blue, 128 GB)","₹14,999",4.5,"29,199 Ratings & 1,892 Reviews","₹20,999"
,,,,
"realme Narzo 50 (Speed Black, 64 GB)","₹10,832",4.5,"12,652 Ratings & 774 Reviews","₹15,999"
"POCO M4 Pro (Cool Blue, 128 GB)","₹17,999",4.3,"8,433 Ratings & 769 Reviews","₹21,999"
"SAMSUNG GALAXY M13 (Stardust Brown, 64 GB)","₹9,978",4.3,360 Ratings & 21 Reviews,
"POCO X4 Pro 5G (Laser Blue, 128 GB)","₹19,999",4.1,"40,750 Ratings & 4,117 Reviews","₹23,999"
"realme C35 (Glowing Black, 128 GB)","₹13,999",4.2,"7,798 Ratings & 501 Reviews","₹15,999"
"realme C35 (Glowing Green, 128 GB)","₹13,999",4.2,"7,798 Ratings & 501 Reviews","₹15,999"
"realme C35 (Glowing Green, 128 GB)","₹12,499",4.4,"1,28,035 Ratings & 8,025 Reviews","₹14,999"
"OPPO K10 5G (Ocean Blue, 128 GB)","₹17,499",4.4,"36,252 Ratings & 2,781 Reviews","₹25,999"
"OPPO K10 5G (Ocean Blue, 128 GB)","₹16,499",4.5,"8,813 Ratings & 613 Reviews","₹20,999"
"POCO M4 Pro 5G (Yellow, 128 GB)","₹16,999",4.2,"28,327 Ratings & 2,652 Reviews","₹19,999"
"Infinix Smart 6 HD (Force Black, 32 GB)","₹6,999",4.5,"6,792 Ratings & 298 Reviews","₹8,999"
"MOTOROLA G60 (Frosted Champagne, 128 GB)","₹14,999",4.2,"1,22,735 Ratings & 12,447 Reviews","₹21,999"
"POCO M4 Pro (Power Black, 128 GB)","₹17,999",4.3,"8,433 Ratings & 769 Reviews","₹21,999"
"POCO X4 Pro 5G (Laser Black, 128 GB)","₹19,999",4.1,"40,750 Ratings & 4,117 Reviews","₹23,999"
"REDMI Note 10 Pro Max (Dark Nebula, 128 GB)","₹22,999",4.3,"14,010 Ratings & 1,023 Reviews",
MarQ by Flipkart M70 Shakti,₹899,3.9,"1,118 Ratings & 170 Reviews","₹1,599"
MarQ by Flipkart M70 Shakti,₹899,3.9,"1,118 Ratings & 170 Reviews","₹1,599"
"REDMI Note 10T 5G (Chromium White, 64 GB)","₹16,999",4.3,"39,948 Ratings & 2,859 Reviews",
"realme Narzo 50 (Speed Blue, 128 GB)","₹13,749",4.4,"4,256 Ratings & 298 Reviews","₹17,999"
"realme Narzo 50 (Speed Blue, 64 GB)","₹10,832",4.5,"12,652 Ratings & 774 Reviews","₹15,999"
"Infinix Smart 6 (Polar Black, 64 GB)","₹7,499",4.4,"19,695 Ratings & 1,339 Reviews","₹8,999"
"REDMI 10A SPORT (SLATE GREY, 128 GB)","₹10,100",3.9,157 Ratings & 11 Reviews,
"REDMI Note 10S (Frost White, 64 GB)","₹16,999",4.4,"77,021 Ratings & 5,221 Reviews",
"Redmi 9A Sport (Metallic Blue, 32 GB)","₹6,823",4.2,"20,449 Ratings & 1,593 Reviews","₹6,899"
,,,,
,,,,
"REDMI 10A SPORT (SLATE GREY, 128 GB)","₹10,100",3.9,166 Ratings & 12 Reviews,
"POCO M4 Pro (Cool Blue, 128 GB)","₹17,999",4.3,"8,722 Ratings & 785 Reviews","₹21,999"
"OPPO F19 Pro+ 5G (Fluid Black, 128 GB)","₹17,990",4.3,"14,193 Ratings & 1,476 Reviews","₹29,990"
"REDMI 10A (Sea Blue, 32 GB)","₹7,369",4.3,237 Ratings & 22 Reviews,"₹8,888"
"POCO M4 Pro 5G (Power Black, 64 GB)","₹14,999",4.3,"23,534 Ratings & 2,099 Reviews","₹16,999"
"REDMI A1 (Light Blue, 32 GB)","₹6,260",4.1,144 Ratings & 8 Reviews,
"vivo Y53s (Fantastic Rainbow, 128 GB)","₹15,490",4.3,"16,497 Ratings & 1,412 Reviews","₹22,990"
"REDMI Note 10S (Frost White, 64 GB)","₹16,999",4.4,"77,154 Ratings & 5,231 Reviews",
"POCO X4 Pro 5G (Yellow, 128 GB)","₹19,999",4.1,"41,530 Ratings & 4,189 Reviews","₹23,999"
"POCO M4 Pro 5G (Power Black, 128 GB)","₹18,999",4.2,"4,364 Ratings & 394 Reviews","₹21,999"
"vivo T1 44W (Starry Sky, 128 GB)","₹17,999",4.3,"3,720 Ratings & 326 Reviews","₹23,990"
"SAMSUNG GALAXY M13 (Midnight Blue, 128 GB)","₹12,659",4.1,56 Ratings & 4 Reviews,
"MOTOROLA G40 Fusion (Dynamic Gray, 128 GB)","₹13,499",4.2,"53,074 Ratings & 5,794 Reviews","₹19,999"
"Itel Magic2 4G (WiFi, Hotspot Tethering)","₹2,424",4,"16,178 Ratings & 2,433 Reviews","₹2,599"
"APPLE iPhone 13 (Blue, 128 GB)","₹66,990",4.7,"1,30,703 Ratings & 6,967 Reviews","₹69,900"
"SAMSUNG S20 FE 5G (Cloud Navy, 128 GB)","₹30,895",4.2,"2,787 Ratings & 328 Reviews",
"REDMI Note 10 Pro Max (Dark Nebula, 128 GB)","₹22,999",4.3,"14,069 Ratings & 1,030 Reviews",
"POCO M4 Pro 5G (Yellow, 64 GB)","₹14,999",4.3,"23,534 Ratings & 2,099 Reviews","₹16,999"
"vivo T1 Pro 5G (Turbo Black, 128 GB)","₹23,999",4.4,"5,373 Ratings & 500 Reviews","₹28,990"
"Moto G71 5G (Neptune Green, 128 GB)","₹16,999",4.2,"17,419 Ratings & 2,100 Reviews","₹22,999"
"REDMI Note 10 Pro Max (Dark Night, 128 GB)","₹22,999",4.3,"14,069 Ratings & 1,030 Reviews",
"vivo T1X (Gravity Black, 128 GB)","₹14,999",4.4,"2,189 Ratings & 124 Reviews","₹18,990"
"REDMI 10A (Charcoal Black, 64 GB)","₹8,194",4.1,"3,140 Ratings & 226 Reviews","₹9,478"
"realme GT Neo 3T (Shade Black, 128 GB)","₹25,999",4.3,"5,747 Ratings & 743 Reviews","₹34,999"
,,,,
,,,,
"vivo T1 Pro 5G (Turbo Black, 128 GB)","₹23,999",4.4,"5,373 Ratings & 500 Reviews","₹28,990"
"vivo T1X (Gravity Black, 128 GB)","₹14,999",4.4,"2,189 Ratings & 124 Reviews","₹18,990"
LAVA A1 Super 2021,"₹1,199",4.1,"1,711 Ratings & 132 Reviews","₹1,340"
"POCO X4 Pro 5G (Laser Blue, 128 GB)","₹21,999",4.1,"9,886 Ratings & 1,010 Reviews","₹25,999"
"REDMI Note 10T 5G (Mint Green, 64 GB)","₹16,999",4.3,"40,171 Ratings & 2,879 Reviews",
SAMSUNG GT-E1215ZWAINS,"₹1,299",4.3,"33,458 Ratings & 2,904 Reviews","₹1,410"
Nokia 150 TA-1235 DS,"₹2,799",4.1,"11,169 Ratings & 835 Reviews",
"MOTOROLA g31 (Baby Blue, 64 GB)","₹10,499",4.2,"27,792 Ratings & 3,311 Reviews","₹13,999"
"POCO M4 Pro 5G (Cool Blue, 128 GB)","₹18,999",4.2,"4,364 Ratings & 394 Reviews","₹21,999"
"SAMSUNG Galaxy S21 FE 5G (Graphite, 128 GB)","₹74,999",4.4,"17,323 Ratings & 1,760 Reviews",
"Infinix Note 12 (Jewel Blue, 128 GB)","₹12,999",4.2,"7,976 Ratings & 798 Reviews","₹17,999"
"MOTOROLA G60 (Soft Silver, 128 GB)","₹14,999",4.2,"1,22,959 Ratings & 12,476 Reviews","₹21,999"
"POCO M4 5G (Yellow, 128 GB)","₹14,999",4.1,"15,640 Ratings & 1,287 Reviews","₹18,999"
"Infinix Note 12 (Force Black, 128 GB)","₹12,999",4.2,"7,976 Ratings & 798 Reviews","₹17,999"
"REDMI 9 Activ (Metallic Purple, 128 GB)","₹12,999",4.2,"3,389 Ratings & 228 Reviews",
Good One 5026,₹999,4.1,380 Ratings & 79 Reviews,
"REDMI K50i (Quick Silver, 128 GB)","₹21,755",4.3,136 Ratings & 13 Reviews,
SAMSUNG GT-E1215ZKAINS,"₹1,299",4.3,"62,144 Ratings & 5,330 Reviews","₹1,410"
"realme 9 Pro 5G (Sunrise Blue, 128 GB)","₹18,999",4.4,"67,156 Ratings & 5,737 Reviews","₹21,999"
"REDMI A1 (Black, 32 GB)","₹6,263",4.1,144 Ratings & 8 Reviews,
"REDMI A1 (Light Green, 32 GB)","₹6,317",4.1,144 Ratings & 8 Reviews,
"POCO M4 5G (Cool Blue, 128 GB)","₹14,999",4.1,"15,640 Ratings & 1,287 Reviews","₹18,999"
"Infinix Smart 6 Plus (Tranquil Sea Blue, 64 GB)","₹8,299",4.3,"5,755 Ratings & 443 Reviews","₹9,999"
"OPPO K10 5G (Midnight Black, 128 GB)","₹17,499",4.4,"36,996 Ratings & 2,833 Reviews","₹25,999"
,,,,
,,,,
Motorola a10,"₹1,545",4.1,"4,105 Ratings & 496 Reviews",
"vivo T1 Pro 5G (Turbo Cyan, 128 GB)","₹24,999",4.3,"10,164 Ratings & 1,082 Reviews","₹30,990"
"REDMI 10 (Pacific Blue, 128 GB)","₹16,999",4.2,"16,755 Ratings & 1,297 Reviews",
"REDMI Note 11S (Space Black, 128 GB)","₹15,468",4.2,"1,283 Ratings & 114 Reviews","₹20,999"
"MOTOROLA G32 (Satin Silver, 64 GB)","₹12,999",4.2,"5,119 Ratings & 514 Reviews","₹16,999"
Micromax X818,"₹1,519",3.9,"1,215 Ratings & 109 Reviews",
"APPLE iPhone 12 Mini (White, 64 GB)","₹54,990",4.5,"1,12,954 Ratings & 9,055 Reviews","₹59,900"
"REDMI Note 10T 5G (Metallic Blue, 64 GB)","₹16,999",4.3,"39,948 Ratings & 2,859 Reviews",
"REDMI 9 Activ (Metallic Purple, 64 GB)","₹8,051",4.2,"5,524 Ratings & 401 Reviews","₹9,399"
"Infinix Smart 6 Plus (Crystal Violet, 64 GB)","₹8,299",4.3,"5,618 Ratings & 439 Reviews","₹9,999"
"MOTOROLA G32 (Mineral Gray, 64 GB)","₹12,999",4.2,"5,119 Ratings & 514 Reviews","₹16,999"
"Redmi 9A Sport (Coral Green, 32 GB)","₹6,635",4.2,"20,449 Ratings & 1,593 Reviews","₹6,989"
"Redmi 9A Sport (Carbon Black, 32 GB)","₹7,414",4.2,"5,116 Ratings & 395 Reviews","₹8,190"
"Xiaomi 11i Hypercharge 5G (Pacific Pearl, 128 GB)","₹26,999",4.2,"7,974 Ratings & 881 Reviews","₹31,999"
"Redmi 9A Sport (Coral Green, 32 GB)","₹7,639",4.2,"5,116 Ratings & 395 Reviews","₹7,990"
"realme 9 Pro 5G (Aurora Green, 128 GB)","₹18,999",4.4,"66,464 Ratings & 5,678 Reviews","₹21,999"
"REDMI K50i 5G (Stealth Black, 256 GB)","₹25,298",4.3,48 Ratings & 4 Reviews,
"POCO X4 Pro 5G (Laser Black, 128 GB)","₹21,999",4.1,"9,748 Ratings & 997 Reviews","₹25,999"
"MOTOROLA g22 (Iceberg Blue, 64 GB)","₹10,999",3.7,"20,694 Ratings & 2,594 Reviews","₹13,999"
"POCO X4 Pro 5G (Laser Black, 64 GB)","₹18,999",4.1,"40,750 Ratings & 4,117 Reviews","₹22,999"
Nokia 105 DS 2020,"₹1,690",4.2,"26,963 Ratings & 2,039 Reviews",
"realme Narzo 30 5G (Racing Blue, 128 GB)","₹16,999",4.3,"81,847 Ratings & 7,198 Reviews","₹17,999"
"vivo V25 5G (Surfing Blue, 256 GB)","₹31,999",4.2,451 Ratings & 51 Reviews,"₹36,999"
"vivo V25 5G (Surfing Blue, 128 GB)","₹27,999",4.3,"2,426 Ratings & 267 Reviews","₹32,999"
,,,,
,,,,
"REDMI 9 Activ (Coral Green, 128 GB)","₹12,999",4.2,"3,389 Ratings & 228 Reviews",
"realme 9 5G SE (Starry Glow, 128 GB)","₹22,999",4.3,"1,641 Ratings & 148 Reviews","₹26,999"
Itel IT2163,₹999,4.1,"12,154 Ratings & 1,020 Reviews","₹1,099"
"Itel Magic2 4G( WiFi,Hotspot Tethering)","₹2,388",4,"16,178 Ratings & 2,433 Reviews",
Nokia 5310ds,"₹3,659",4.1,"7,294 Ratings & 524 Reviews",
Motorola a70,"₹1,999",4,557 Ratings & 66 Reviews,"₹2,320"
Motorola a70,"₹1,999",4.1,"1,196 Ratings & 132 Reviews","₹2,320"
"Infinix Zero 5G (Cosmic Black, 128 GB)","₹19,999",4.2,"6,399 Ratings & 1,073 Reviews","₹24,999"
"realme Narzo 30 5G (Racing Silver, 128 GB)","₹16,999",4.3,"81,847 Ratings & 7,198 Reviews","₹17,999"
"realme Narzo 30 5G (Racing Blue, 128 GB)","₹16,999",4.3,"81,847 Ratings & 7,198 Reviews","₹17,999"
"vivo T1 Pro 5G (Turbo Black, 128 GB)","₹24,999",4.3,"10,324 Ratings & 1,094 Reviews","₹30,990"
SAMSUNG Guru Music 2,"₹1,850",4.3,"1,92,614 Ratings & 18,072 Reviews","₹1,950"
"vivo T1 Pro 5G (Turbo Cyan, 128 GB)","₹24,999",4.3,"10,324 Ratings & 1,094 Reviews","₹30,990"
Itel power 100,"₹1,349",4.1,431 Ratings & 28 Reviews,"₹1,399"
"SAMSUNG Galaxy M33 5G (Mystique Green, 128 GB)","₹15,139",4.2,"4,485 Ratings & 429 Reviews","₹16,460"
LAVA A3 Power,"₹1,275",4.1,"2,608 Ratings & 270 Reviews","₹1,599"
LAVA A3 Power,"₹1,299",4.1,"1,323 Ratings & 133 Reviews","₹1,499"
"Tecno Spark 9 (Infinity Black, 64 GB)","₹8,799",4.2,23 Ratings & 1 Reviews,
SAMSUNG GURU GT,"₹1,599",4.1,511 Ratings & 37 Reviews,
Nokia 150 DS 2020,"₹2,595",4.1,"18,704 Ratings & 1,475 Reviews",
"MOTOROLA G60 (Dynamic Gray, 128 GB)","₹14,999",4.2,"1,22,959 Ratings & 12,476 Reviews","₹21,999"
Itel IT2163,₹999,4.1,"12,154 Ratings & 1,020 Reviews","₹1,099"
"REDMI Note 10 Pro Max (Vintage Bronze, 128 GB)","₹22,999",4.3,"14,069 Ratings & 1,030 Reviews",
Itel IT2163,"₹1,049",4.1,"12,154 Ratings & 1,020 Reviews",
,,,,
"POCO F4 5G (Night Black, 128 GB)","₹29,999",4.3,"3,312 Ratings & 472 Reviews","₹34,999"
Itel IT2163,₹999,4.1,"12,134 Ratings & 1,019 Reviews","₹1,099"
Itel IT2163,"₹1,049",4.1,"12,134 Ratings & 1,019 Reviews",
"SAMSUNG Galaxy M33 5G (Deep Ocean Blue, 128 GB)","₹14,980",4.2,"4,393 Ratings & 423 Reviews",
"POCO X4 Pro 5G (Yellow, 128 GB)","₹21,999",4.1,"9,748 Ratings & 997 Reviews","₹25,999"
"OPPO K10 (Black Carbon, 128 GB)","₹16,990",4.4,"4,466 Ratings & 379 Reviews","₹22,999"
LAVA Hero 600+,₹900,4.1,"7,581 Ratings & 695 Reviews",₹999
"MOTOROLA G62 5G (Midnight Gray, 128 GB)","₹19,999",4.1,693 Ratings & 70 Reviews,"₹24,999"
"REDMI 10 (Caribbean Green, 128 GB)","₹16,999",4.2,"16,755 Ratings & 1,297 Reviews",
LAVA Flip,"₹1,829",4.1,"12,636 Ratings & 1,222 Reviews",
LAVA Flip,"₹1,829",4.1,"12,636 Ratings & 1,222 Reviews","₹1,849"
"realme 9 Pro 5G (Sunrise Blue, 128 GB)","₹20,999",4.3,"11,037 Ratings & 884 Reviews","₹23,999"
"REDMI 11 Prime 5G (Chrome Silver, 64 GB)","₹12,832",4.4,99 Ratings & 6 Reviews,
DIZO Star 500,"₹1,799",4,"10,593 Ratings & 1,296 Reviews","₹1,999"
"vivo V25 5G (Elegant Black, 256 GB)","₹31,999",4.2,451 Ratings & 51 Reviews,"₹36,999"
"realme C30s (Stripe Blue, 64 GB)","₹8,999",4.2,475 Ratings & 33 Reviews,"₹11,999"
"realme C30s (Stripe Blue, 32 GB)","₹7,499",4.4,548 Ratings & 22 Reviews,"₹9,999"
"realme C30s (Stripe Black, 64 GB)","₹8,999",4.2,475 Ratings & 33 Reviews,"₹11,999"
"REDMI Note 10T 5G (Graphite Black, 64 GB)","₹16,999",4.3,"39,948 Ratings & 2,859 Reviews",
"realme 9 (Stargaze White, 128 GB)","₹16,999",4.4,"39,618 Ratings & 2,849 Reviews","₹20,999"
"realme 9 (Sunburst Gold, 128 GB)","₹16,999",4.4,"39,618 Ratings & 2,849 Reviews","₹20,999"
"MOTOROLA G62 5G (Frosted Blue, 128 GB)","₹17,999",4.1,"2,574 Ratings & 265 Reviews","₹21,999"
"REDMI 10A (Sea Blue, 64 GB)","₹8,799",4.2,"3,251 Ratings & 218 Reviews","₹9,499"
KARBONN KX3,₹999,3.9,"7,786 Ratings & 609 Reviews",
,,,,
,,,,
"realme C30s (Stripe Black, 32 GB)","₹7,499",4.4,548 Ratings & 22 Reviews,"₹9,999"
Itel it2175,"₹1,105",4.1,180 Ratings & 23 Reviews,"₹1,109"
"Redmi Note 11 PRO Plus 5G (Phantom White, 128 GB)","₹21,474",4.2,"1,511 Ratings & 128 Reviews",
"Infinix Zero 5G (Horizon Blue, 128 GB)","₹19,999",4.2,"6,263 Ratings & 1,054 Reviews","₹24,999"
"MOTOROLA g52 (Metallic White, 64 GB)","₹14,499",4.2,"6,324 Ratings & 836 Reviews","₹17,999"
"Infinix Hot 12 Pro (Lightsaber Green, 64 GB)","₹10,999",4.3,"2,731 Ratings & 141 Reviews","₹13,999"
"SAMSUNG Galaxy S22 Plus 5G (Green, 128 GB)","₹84,999",4.6,"1,054 Ratings & 127 Reviews","₹1,01,999"
Itel Power 410,"₹1,499",4.1,"1,424 Ratings & 134 Reviews","₹1,559"
Nokia 110 DS,"₹1,763",3.9,159 Ratings & 8 Reviews,
"SAMSUNG Galaxy M32 (Light Blue, 64 GB)","₹12,135",4.2,"3,546 Ratings & 361 Reviews",
"APPLE iPhone 12 Mini (Black, 64 GB)","₹54,990",4.5,"1,12,954 Ratings & 9,055 Reviews","₹59,900"
"MOTOROLA g52 (Charcoal Grey, 64 GB)","₹14,499",4.2,"6,324 Ratings & 836 Reviews","₹17,999"
"Tecno Camon 18 (Dusk Grey, 128 GB)","₹12,499",4.1,257 Ratings & 23 Reviews,"₹12,999"
"Xiaomi 11i Hypercharge 5G (Purple Mist, 128 GB)","₹26,999",4.2,"7,974 Ratings & 881 Reviews","₹31,999"
SAMSUNG GURU MUSIC 2,"₹2,120",4.2,"2,563 Ratings & 214 Reviews",
KARBONN K9 max,"₹1,890",4.1,"3,208 Ratings & 295 Reviews",
"REDMI Note 11T 5G (Stardust White, 128 GB)","₹17,195",4.2,"1,809 Ratings & 165 Reviews","₹19,998"
"POCO M3 (Cool Blue, 128 GB)","₹12,999",4.3,"4,77,800 Ratings & 34,658 Reviews","₹14,999"
"Infinix Smart 6 Plus (Miracle Black, 64 GB)","₹8,299",4.3,"5,618 Ratings & 439 Reviews","₹9,999"
"APPLE iPhone 13 (Midnight, 256 GB)","₹75,990",4.7,"1,26,925 Ratings & 6,764 Reviews","₹79,900"
"REDMI 9 Activ (Carbon Black, 128 GB)","₹12,999",4.2,"3,337 Ratings & 223 Reviews",
"SAMSUNG Galaxy F23 5G (Aqua Blue, 128 GB)","₹22,999",4.2,"23,101 Ratings & 1,844 Reviews",
Kechaoda A26,"₹1,089",4.1,"13,015 Ratings & 966 Reviews","₹1,099"
"REDMI 10 (Midnight Black, 128 GB)","₹16,999",4.2,"16,755 Ratings & 1,297 Reviews",
,,,,
,,,,
"vivo T1 Pro 5G (Turbo Cyan, 128 GB)","₹23,999",4.4,"5,373 Ratings & 500 Reviews","₹28,990"
"REDMI 9 Activ (Carbon Black, 128 GB)","₹12,999",4.2,"3,389 Ratings & 228 Reviews",
"SAMSUNG Galaxy F23 5G (Aqua Blue, 128 GB)","₹22,999",4.2,"23,748 Ratings & 1,914 Reviews",
"MOTOROLA G62 5G (Frosted Blue, 128 GB)","₹19,999",4.1,736 Ratings & 74 Reviews,"₹24,999"
Itel Ace 2N,₹915,4.1,165 Ratings & 9 Reviews,
"SAMSUNG Galaxy M33 5G (Mystique Green, 128 GB)","₹14,954",4.2,"4,485 Ratings & 429 Reviews",
"MOTOROLA g22 (Mint Green, 64 GB)","₹10,999",3.7,"20,862 Ratings & 2,611 Reviews","₹13,999"
"REDMI Note 11s (Space Black, 128 GB)","₹16,890",4.1,516 Ratings & 52 Reviews,
"REDMI 9i (Midnight Black, 64 GB)","₹8,999",4.3,"5,72,367 Ratings & 33,912 Reviews","₹9,999"
"Google Pixel 6a (Chalk, 128 GB)","₹39,999",4.3,"13,677 Ratings & 1,804 Reviews","₹43,999"
"POCO M5 (Icy Blue, 64 GB)","₹12,499",4.4,504 Ratings & 40 Reviews,"₹15,999"
"Google Pixel 6a (Charcoal, 128 GB)","₹39,999",4.3,"13,677 Ratings & 1,804 Reviews","₹43,999"
"REDMI 10 Prime 2022 (Bifrost Blue, 64 GB)","₹12,857",4.2,"2,058 Ratings & 145 Reviews",
LAVA Hero Punch,₹900,4.1,"1,182 Ratings & 90 Reviews","₹1,249"
LAVA Hero Punch,₹900,4.1,"1,182 Ratings & 90 Reviews","₹1,249"
"vivo Y35 (Agate Black, 128 GB)","₹18,499",4.5,422 Ratings & 28 Reviews,"₹22,999"
Nokia 105 TA-1416 DS,"₹1,484",4.1,"2,956 Ratings & 211 Reviews",
Micromax X415,"₹1,040",3.9,825 Ratings & 61 Reviews,
"realme 9 (Meteor Black, 128 GB)","₹16,999",4.4,"40,193 Ratings & 2,899 Reviews","₹20,999"
"POCO F4 5G (Night Black, 128 GB)","₹27,999",4.3,"9,258 Ratings & 1,360 Reviews","₹32,999"
"SAMSUNG Galaxy M33 5G (Mystique Green, 128 GB)","₹17,445",4.3,309 Ratings & 18 Reviews,
Kechaoda A26,"₹1,060",4.1,"13,033 Ratings & 967 Reviews",
Kechaoda A26,"₹1,074",4.1,"13,033 Ratings & 967 Reviews",
"REDMI 10 Prime (Bifrost Blue, 128 GB)","₹16,999",4.2,"5,820 Ratings & 423 Reviews",
,,,,
,,,,
"Tecno Pova Neo (Geek Blue, 128 GB)","₹10,899",4.1,405 Ratings & 28 Reviews,"₹15,400"
"realme 9 (Sunburst Gold, 128 GB)","₹17,999",4.4,"13,862 Ratings & 1,092 Reviews","₹22,999"
"SAMSUNG M53 5G (Deep Ocean Blue, 128 GB)","₹24,790",4.2,27 Ratings & 0 Reviews,
"POCO F4 5G (Night Black, 128 GB)","₹29,999",4.3,"3,342 Ratings & 476 Reviews","₹34,999"
Nokia 105 PLUS,"₹1,449",4.1,"2,711 Ratings & 200 Reviews","₹1,899"
"SAMSUNG Galaxy F23 5G (Forest Green, 128 GB)","₹22,999",4.2,"23,748 Ratings & 1,914 Reviews",
"REDMI K50i 5G (Stealth Black, 128 GB)","₹21,480",4.2,204 Ratings & 31 Reviews,
"POCO M4 Pro 5G (Yellow, 128 GB)","₹18,999",4.2,"4,364 Ratings & 394 Reviews","₹21,999"
Itel Ace 2,₹990,4,491 Ratings & 50 Reviews,
LAVA A1 2021,"₹1,129",4.1,"3,369 Ratings & 313 Reviews",
"realme C31 (Dark Green, 64 GB)","₹9,999",4.4,"45,472 Ratings & 2,164 Reviews","₹11,999"
"OPPO A16E (Blue, 32 GB)","₹9,490",4.3,313 Ratings & 11 Reviews,"₹13,990"
"REDMI 10A (Slate Grey, 32 GB)","₹7,239",4.1,629 Ratings & 51 Reviews,"₹8,601"
Good One G5605N,₹899,3.8,510 Ratings & 87 Reviews,
"REDMI K50i (Phantom Blue, 256 GB)","₹25,295",4.4,123 Ratings & 18 Reviews,
Itel IT5626,"₹1,849",4,"1,013 Ratings & 109 Reviews",
Micromax X778,"₹1,448",3.9,"1,834 Ratings & 179 Reviews",
"realme C31 (Dark Green, 32 GB)","₹9,299",4.5,"41,708 Ratings & 1,609 Reviews","₹10,999"
"realme Narzo 50A (Oxygen Green, 64 GB)","₹11,499",4.4,"3,32,808 Ratings & 21,866 Reviews","₹12,999"
"realme Narzo 50A (Oxygen Blue, 64 GB)","₹11,499",4.4,"3,32,808 Ratings & 21,866 Reviews","₹12,999"
Itel Power 100 New,"₹1,289",4.2,667 Ratings & 46 Reviews,"₹1,399"
"OPPO A17 (Midnight Black, 64 GB)","₹12,499",4.6,390 Ratings & 9 Reviews,"₹14,999"
"REDMI Note 10T 5G (Chromium White, 128 GB)","₹18,999",4.2,"26,751 Ratings & 2,067 Reviews",
"Tecno Pop 5 LTE (Deepsea Luster, 32 GB)","₹6,747",4.2,418 Ratings & 27 Reviews,
,,,,
,,,,
BlackZone ECO X,"₹1,459",4,"7,365 Ratings & 488 Reviews","₹1,470"
"Tecno Pop 5 LTE (Turquoise Cyan, 32 GB)","₹6,540",4.2,414 Ratings & 26 Reviews,
Nokia 125 DS 2020,"₹2,399",3.9,"5,533 Ratings & 381 Reviews",
Itel Power 410,"₹1,499",4.1,"1,424 Ratings & 134 Reviews","₹1,559"
"REDMI K50i 5G (Stealth Black, 128 GB)","₹21,480",4.2,198 Ratings & 31 Reviews,
"Tecno Pova 3 (Eco Black, 64 GB)","₹12,349",4.3,40 Ratings & 4 Reviews,
"realme GT 2 (Paper White, 256 GB)","₹38,999",4.3,916 Ratings & 128 Reviews,"₹44,999"
"MOTOROLA g82 5G (Meterorite Grey, 128 GB)","₹21,499",4.1,"2,960 Ratings & 423 Reviews","₹23,999"
"Infinix Note 11 (Glacier Green, 64 GB)","₹12,499",4.3,"36,544 Ratings & 4,438 Reviews","₹14,999"
"Infinix Note 11 (Graphite Black, 64 GB)","₹12,499",4.3,"36,544 Ratings & 4,438 Reviews","₹14,999"
"REDMI Note 10T 5G (Metallic Blue, 128 GB)","₹18,999",4.2,"26,560 Ratings & 2,055 Reviews",
Micromax X778,"₹1,448",3.9,"1,812 Ratings & 176 Reviews",
"REDMI Note 10S (Shadow Black, 64 GB)","₹16,999",4.4,"77,021 Ratings & 5,221 Reviews",
"IQOO Z6 5G (Dynamo Black, 128 GB)","₹16,999",4.1,214 Ratings & 17 Reviews,
"OnePlus Nord 2T 5G (Gray Shadow, 256 GB)","₹33,849",4.4,832 Ratings & 70 Reviews,
"SAMSUNG Galaxy Z Flip3 5G (Phantom Black, 128 GB)","₹95,999",4.4,269 Ratings & 33 Reviews,
Micromax X415,₹985,3.9,547 Ratings & 45 Reviews,₹995
"vivo Y16 (Drizzling Gold, 64 GB)","₹12,474",4.3,39 Ratings & 5 Reviews,
"vivo Y16 (Steller Black, 64 GB)","₹12,499",4.3,39 Ratings & 5 Reviews,"₹15,999"
"realme 9 Pro 5G (Aurora Green, 128 GB)","₹20,999",4.3,"11,037 Ratings & 884 Reviews","₹23,999"
"Redmi Note 11 PRO Plus 5G (Stealth Black, 128 GB)","₹19,875",4.2,"3,326 Ratings & 298 Reviews","₹19,940"
Nokia 105 TA-1416 DS,"₹1,494",4.1,"2,927 Ratings & 208 Reviews","₹1,549"
"realme 9 Pro 5G (Midnight Black, 128 GB)","₹18,999",4.4,"66,464 Ratings & 5,678 Reviews","₹21,999"
"REDMI 11 Prime 5G (Meadow Green, 64 GB)","₹13,500",4.4,99 Ratings & 6 Reviews,
,,,,
,,,,
"REDMI 11 Prime 5G (Meadow Green, 128 GB)","₹17,990",4.2,31 Ratings & 7 Reviews,
Micromax X378,"₹1,499",3.9,"12,338 Ratings & 1,046 Reviews",
"POCO X4 Pro 5G (Yellow, 64 GB)","₹18,999",4.1,"41,530 Ratings & 4,189 Reviews","₹22,999"
"Redmi Note 11S (Space Black, 128 GB)","₹17,090",4.2,569 Ratings & 42 Reviews,"₹18,975"
Kechaoda K112,"₹1,699",4,"18,235 Ratings & 1,960 Reviews",
BlackZone B310,₹859,3.8,"3,049 Ratings & 248 Reviews",
BlackZone B310,₹859,3.8,"3,049 Ratings & 248 Reviews",
"APPLE iPhone 13 (Starlight, 256 GB)","₹75,990",4.7,"1,30,703 Ratings & 6,967 Reviews","₹79,900"
SAMSUNG Guru GT,"₹1,650",4.1,"2,539 Ratings & 166 Reviews",
DIZO Star 300,"₹1,421",3.9,"9,065 Ratings & 1,090 Reviews",
"Infinix Hot 12 Pro (Electric Blue, 64 GB)","₹10,999",4.3,"2,796 Ratings & 143 Reviews","₹13,999"
"OPPO Reno8 5G (Shimmer Gold, 128 GB)","₹29,999",4.3,"24,805 Ratings & 3,402 Reviews","₹38,999"
"Tecno Pova 3 (Electric Blue, 64 GB)","₹13,299",4.3,43 Ratings & 4 Reviews,
"OPPO Reno8 5G (Shimmer Black, 128 GB)","₹29,999",4.3,"24,805 Ratings & 3,402 Reviews","₹38,999"
"Itel A27 (Deep Grey, 32 GB)","₹5,179",4,496 Ratings & 38 Reviews,"₹5,649"
"vivo Y16 (Drizzling Gold, 32 GB)","₹9,974",4.4,36 Ratings & 1 Reviews,
"vivo Y16 (Steller Black, 32 GB)","₹9,999",4.4,36 Ratings & 1 Reviews,"₹12,999"
"MOTOROLA Edge 20 Fusion 5G (Electric Graphite, 128 GB)","₹20,999",4,"11,161 Ratings & 1,405 Reviews","₹25,999"
"MOTOROLA g82 5G(White Lily, 128 GB)","₹21,499",4.2,"3,015 Ratings & 425 Reviews","₹23,999"
"vivo Y01 (Sapphire Blue, 32 GB)","₹7,999",4.2,633 Ratings & 45 Reviews,"₹12,999"
"vivo Y01 (Elegant Black, 32 GB)","₹7,999",4.2,633 Ratings & 45 Reviews,"₹12,999"
"REDMI Note 10S (Cosmic Purple, 64 GB)","₹16,999",4.4,"77,154 Ratings & 5,231 Reviews",
"Infinix Hot 10S (7° Purple, 64 GB)","₹9,999",4.3,"76,428 Ratings & 6,665 Reviews","₹12,999"
"realme C11 (Rich Grey, 32 GB)","₹4,999",4.4,"4,57,840 Ratings & 29,541 Reviews","₹8,999"
,,,,
"realme C11 (Rich Grey, 32 GB)","₹4,999",4.4,"4,57,840 Ratings & 29,541 Reviews","₹8,999"
Nokia 105SS PLUS,"₹1,408",4,508 Ratings & 32 Reviews,
"OPPO F19 Pro (Fantastic Purple, 256 GB)","₹25,990",4.3,"9,003 Ratings & 741 Reviews",
"REDMI Note 10S (Cosmic Purple, 64 GB)","₹16,999",4.4,"77,021 Ratings & 5,221 Reviews",
"Infinix Hot 10S (7° Purple, 64 GB)","₹9,999",4.3,"76,420 Ratings & 6,665 Reviews","₹12,999"
"SAMSUNG Galaxy F12 (Sky Blue, 64 GB)","₹10,499",4.3,"2,93,905 Ratings & 23,388 Reviews","₹12,999"
"SAMSUNG Galaxy A73 5G (Awesome Gray, 256 GB)","₹44,999",4.2,"1,010 Ratings & 137 Reviews","₹49,990"
"REDMI 10 Prime 2022 (Phantom Black, 64 GB)","₹10,697",4.2,"2,019 Ratings & 141 Reviews",
SAMSUNG Guru Music 2,"₹2,145",4.3,"1,92,544 Ratings & 18,066 Reviews",
Good One 2192,₹999,4,258 Ratings & 44 Reviews,
SAMSUNG Guru Music 2 SM-B315E,"₹2,022",4.2,"8,652 Ratings & 624 Reviews",
"REDMI Note 11S (Horizon Blue, 128 GB)","₹15,638",4.1,513 Ratings & 51 Reviews,"₹18,980"
"MOTOROLA Edge 30 (Aurora Green, 128 GB)","₹29,999",4.2,"2,319 Ratings & 372 Reviews","₹34,999"
"REDMI Note 11 (Space Black, 64 GB)","₹11,780",,,
"POCO C3 (Lime Green, 32 GB)","₹8,499",4.3,"3,96,572 Ratings & 26,548 Reviews","₹9,999"
Itel Muzik 400,"₹1,649",4.1,"2,938 Ratings & 328 Reviews","₹1,709"
"realme Narzo 50A (Oxygen Green, 128 GB)","₹10,099",4.4,"3,32,623 Ratings & 21,858 Reviews","₹13,999"
"POCO M5 (Icy Blue, 128 GB)","₹14,499",4.4,278 Ratings & 20 Reviews,"₹18,999"
"realme Narzo 50A (Oxygen Blue, 128 GB)","₹10,099",4.4,"3,32,623 Ratings & 21,858 Reviews","₹13,999"
BlackZone B310,₹859,3.8,"3,038 Ratings & 246 Reviews",
"MOTOROLA Edge 30 (Meteor Grey, 128 GB)","₹29,999",4.2,"2,319 Ratings & 372 Reviews","₹34,999"
Micromax X513+,"₹1,143",3.8,445 Ratings & 35 Reviews,
"realme C31 (Light Silver, 64 GB)","₹9,999",4.4,"45,144 Ratings & 2,131 Reviews","₹11,999"
"OPPO F19s (Glowing Gold, 128 GB)","₹19,990",4.4,"5,680 Ratings & 353 Reviews","₹22,990"
,,,,
,,,,
"realme C31 (Light Silver, 64 GB)","₹9,999",4.4,"45,144 Ratings & 2,151 Reviews","₹11,999"
Good One 2192,₹999,4,258 Ratings & 44 Reviews,
Micromax X513+,"₹1,143",3.8,445 Ratings & 35 Reviews,
BlackZone B310,₹859,3.8,"3,038 Ratings & 246 Reviews",
"MOTOROLA Edge 30 (Meteor Grey, 128 GB)","₹29,999",4.2,"2,319 Ratings & 377 Reviews","₹34,999"
"realme Narzo 50A (Oxygen Green, 128 GB)","₹10,099",4.4,"3,32,623 Ratings & 21,863 Reviews","₹13,999"
"realme Narzo 50A (Oxygen Blue, 128 GB)","₹10,099",4.4,"3,32,623 Ratings & 21,863 Reviews","₹13,999"
Kechaoda K115,"₹1,249",,,
LAVA A1500,"₹1,399",4.1,"1,890 Ratings & 199 Reviews","₹1,829"
"OPPO F19s (Glowing Gold, 128 GB)","₹19,990",4.4,"5,680 Ratings & 353 Reviews","₹22,990"
Kechaoda K115,"₹1,249",4.1,"27,540 Ratings & 2,164 Reviews",
"OPPO A16E (Blue, 64 GB)","₹9,999",4.2,921 Ratings & 45 Reviews,"₹15,990"
"Itel A23S (Sky Cyan, 32 GB)","₹4,799",3.3,23 Ratings & 0 Reviews,
"OPPO A16E (White, 32 GB)","₹9,490",4.3,310 Ratings & 11 Reviews,"₹13,990"
Itel It2171,"₹1,099",4.1,"3,237 Ratings & 307 Reviews","₹1,149"
"SAMSUNG GALAXY M13 5G (?Stardust Brown, 128 GB)","₹14,745",4.2,45 Ratings & 5 Reviews,
"realme 9 (Stargaze White, 128 GB)","₹17,999",4.4,"13,747 Ratings & 1,075 Reviews","₹22,999"
"realme 9 (Meteor Black, 128 GB)","₹17,999",4.4,"13,747 Ratings & 1,075 Reviews","₹22,999"
Nokia 5710 XpressAudio,"₹5,899",4,17 Ratings & 2 Reviews,
Nokia 105 PLUS,"₹1,449",4.1,"2,628 Ratings & 195 Reviews","₹1,899"
"Redmi Note 11 (Horizon Blue, 64 GB)","₹12,403",4.2,"6,634 Ratings & 560 Reviews","₹13,990"
Micromax X413,₹985,4,"2,413 Ratings & 208 Reviews",
"POCO C3 (Lime Green, 32 GB)","₹8,499",4.3,"3,96,572 Ratings & 26,548 Reviews","₹9,999"
"Xiaomi 11i Hypercharge 5G (Stealth Black, 128 GB)","₹28,999",4.2,"5,410 Ratings & 632 Reviews","₹33,999"
,,,,
,,,,
Micromax X512,"₹1,180",3.9,"9,439 Ratings & 863 Reviews","₹1,199"
BlackZone ECO X,"₹1,459",4,"7,365 Ratings & 488 Reviews","₹1,470"
Itel U20,"₹1,079",4,660 Ratings & 55 Reviews,"₹1,179"
"Infinix Hot 11 (Silver Wave, 64 GB)","₹9,999",4.3,"15,589 Ratings & 1,342 Reviews","₹11,999"
"OPPO F21S PRO (Dawnlight Gold, 128 GB)","₹21,990",4.2,37 Ratings & 3 Reviews,
"realme C11 (Rich Green, 32 GB)","₹4,999",4.4,"4,57,840 Ratings & 29,541 Reviews","₹8,999"
"MOTOROLA Edge 30 Fusion (Cosmic grey, 128 GB)","₹42,999",4.3,789 Ratings & 152 Reviews,"₹49,999"
Kechaoda K33,"₹1,149",4,"7,888 Ratings & 532 Reviews",
"POCO M5 (Power Black, 64 GB)","₹12,499",4.4,497 Ratings & 40 Reviews,"₹15,999"
"realme 9i (Prism Black, 128 GB)","₹14,999",4.5,"96,830 Ratings & 5,476 Reviews","₹16,999"
Itel Muzik 400,"₹1,649",4.1,"2,938 Ratings & 328 Reviews","₹1,709"
"APPLE iPhone 13 (Pink, 256 GB)","₹75,990",4.7,"1,26,925 Ratings & 6,764 Reviews","₹79,900"
Kechaoda K115,"₹1,155",4.1,"27,540 Ratings & 2,164 Reviews",
"Redmi Note 11 (Horizon Blue, 128 GB)","₹14,490",4.2,"6,634 Ratings & 559 Reviews",
"REDMI 10 Power (Sporty Orange, 128 GB)","₹14,110",4,309 Ratings & 21 Reviews,
LAVA 34 Ultra,"₹1,718",4.1,"1,238 Ratings & 140 Reviews","₹1,770"
"realme 9i (Prism Blue, 128 GB)","₹14,999",4.5,"96,830 Ratings & 5,476 Reviews","₹16,999"
"SAMSUNG M53 5G (Emerald Brown, 128 GB)","₹22,643",4.3,96 Ratings & 13 Reviews,
Itel it2175,"₹1,095",4.1,180 Ratings & 23 Reviews,"₹1,499"
KARBONN KX3,₹999,4,"1,733 Ratings & 120 Reviews",
"realme Narzo 20 (Glory Silver, 128 GB)","₹11,499",4.3,"5,18,889 Ratings & 39,213 Reviews","₹13,999"
"realme Narzo 20 (Glory Silver, 64 GB)","₹10,499",4.3,"5,18,889 Ratings & 39,213 Reviews","₹12,999"
"realme Narzo 20 (Victory Blue, 128 GB)","₹11,499",4.3,"5,18,889 Ratings & 39,213 Reviews","₹13,999"
"Redmi 9A (Sea Blue, 32 GB)","₹8,480",4.3,"14,111 Ratings & 888 Reviews","₹8,525"
,,,,
,,,,
"Redmi 9A (SeaBlue, 32 GB)","₹7,989",4.3,"21,015 Ratings & 1,254 Reviews",
"POCO M2 Pro (Green and Greener, 64 GB)","₹13,999",4.3,"2,47,626 Ratings & 24,394 Reviews","₹16,999"
"MOTOROLA g82 5G (White Lily, 128 GB)","₹22,999",4,"1,851 Ratings & 247 Reviews","₹25,999"
"Itel A23 Pro (Saphire Blue, 8 GB)","₹3,999",3.7,"4,310 Ratings & 357 Reviews",
SAMSUNG GURU GT,"₹1,650",4.1,"2,539 Ratings & 166 Reviews",
"REDMI Note 11T 5G (Aquamarine Blue, 128 GB)","₹16,903",4.2,"1,826 Ratings & 167 Reviews","₹18,996"
"realme 9 Pro 5G (Midnight Black, 128 GB)","₹20,999",4.3,"11,231 Ratings & 903 Reviews","₹23,999"
"vivo V25 Pro 5G (Pure Black, 128 GB)","₹35,999",4.4,"3,360 Ratings & 482 Reviews","₹39,999"
"SAMSUNG GALAXY M13 (Aqua Green, 128 GB)","₹12,370",4.1,56 Ratings & 4 Reviews,
Kechaoda K115,"₹1,135",4.1,"27,556 Ratings & 2,165 Reviews","₹1,220"
Kechaoda K66 The Music House 4,"₹1,300",3.9,"14,203 Ratings & 1,128 Reviews",
"Infinix Note 11 (Glacier Green, 128 GB)","₹14,499",4.2,"9,132 Ratings & 1,109 Reviews","₹16,999"
LAVA A1,"₹1,159",4.2,"20,179 Ratings & 1,913 Reviews",
"Tecno Spark Go 2022 (Atlantic Blue, 32 GB)","₹6,867",4.2,545 Ratings & 41 Reviews,"₹7,577"
"I Kall K470 (SKY BLUE, 32 GB)","₹6,299",3.7,26 Ratings & 4 Reviews,
"Infinix Smart 5A (Ocean Wave, 32 GB)","₹7,199",4.3,"77,063 Ratings & 5,306 Reviews","₹7,999"
"Infinix Smart 5A (Midnight Black, 32 GB)","₹7,199",4.3,"77,063 Ratings & 5,306 Reviews","₹7,999"
Nokia 150 DS 2020,"₹2,790",4.1,"18,704 Ratings & 1,475 Reviews",
"MOTOROLA Edge 20 Fusion 5G (Electric Graphite, 128 GB)","₹18,999",4,"18,067 Ratings & 2,471 Reviews","₹24,999"
"Infinix Smart 5A (Quetzal Cyan, 32 GB)","₹7,199",4.3,"77,063 Ratings & 5,306 Reviews","₹7,999"
"Itel A23S (Sky Cyan, 32 GB)","₹4,799",3.3,25 Ratings & 0 Reviews,
"Redmi Note 11 (Space Black, 64 GB)","₹12,479",4.2,"6,677 Ratings & 567 Reviews","₹14,000"
"SAMSUNG GALAXY M13 (Stardust Brown, 128 GB)","₹12,989",4.1,56 Ratings & 4 Reviews,
"Itel A49 (Sky Cyan, 32 GB)","₹5,698",4,196 Ratings & 14 Reviews,"₹6,399"
,,,,
,,,,
"Infinix Note 11 (Celestial Snow, 64 GB)","₹12,499",4.3,"36,658 Ratings & 4,449 Reviews","₹14,999"
"Itel A49 (Dome Blue, 32 GB)","₹5,698",4,196 Ratings & 14 Reviews,"₹6,399"
"Itel A49 (Crystal Purple, 32 GB)","₹5,799",4,196 Ratings & 14 Reviews,"₹6,394"
"OPPO F19s (Glowing Black, 128 GB)","₹19,990",4.4,"5,785 Ratings & 357 Reviews","₹22,990"
PHILIPS Xenium E172,"₹1,699",3.6,16 Ratings & 2 Reviews,"₹2,190"
Kechaoda K115,"₹1,130",4.1,"27,556 Ratings & 2,165 Reviews",
"Infinix Hot 11 2022 (Sunset Gold, 64 GB)","₹9,999",4.2,"11,232 Ratings & 952 Reviews","₹12,999"
"Infinix Note 12 TURBO (Sapphire Blue, 128 GB)","₹14,999",4.2,"5,662 Ratings & 763 Reviews","₹19,999"
"Redmi Note 11 PRO Plus 5G (Phantom White, 128 GB)","₹19,890",4.2,"3,371 Ratings & 302 Reviews","₹20,490"
Micromax X378,"₹1,299",3.9,"12,338 Ratings & 1,046 Reviews",
"REDMI Note 11S (Polar White, 128 GB)","₹16,700",4.1,516 Ratings & 52 Reviews,
LAVA A1 2021,"₹1,087",4.1,"3,369 Ratings & 313 Reviews","₹1,279"
Nokia 8210 4G,"₹4,035",3.9,33 Ratings & 4 Reviews,
"Google Pixel 7 (Lemongrass, 128 GB)","₹59,999",4.6,188 Ratings & 46 Reviews,
"Google Pixel 7 (Snow, 128 GB)","₹59,999",4.6,188 Ratings & 46 Reviews,
"Google Pixel 7 (Obsidian, 128 GB)","₹59,999",4.6,188 Ratings & 46 Reviews,
"POCO M5 (Yellow, 64 GB)","₹12,499",4.4,504 Ratings & 40 Reviews,"₹15,999"
"POCO M5 (Yellow, 128 GB)","₹14,499",4.3,284 Ratings & 21 Reviews,"₹18,999"
"Itel A27 (Silver Purple, 32 GB)","₹5,099",4,496 Ratings & 38 Reviews,"₹5,599"
"OPPO A54 (Starry Blue, 64 GB)","₹12,949",4.4,"10,381 Ratings & 648 Reviews","₹12,990"
"OPPO A54 (Moonlight Gold, 64 GB)","₹13,990",4.4,"10,381 Ratings & 648 Reviews","₹14,990"
"OPPO A54 (Starry Blue, 128 GB)","₹13,990",4.3,"3,858 Ratings & 221 Reviews","₹17,990"
"REDMI Note 11 Pro (Phantom White, 128 GB)","₹18,140",4.1,737 Ratings & 61 Reviews,"₹18,940"
Itel It2171,"₹1,099",4.1,"3,244 Ratings & 307 Reviews","₹1,149"
,,,,
,,,,
"Infinix Hot 10S (95° Black, 64 GB)","₹9,999",4.3,"76,420 Ratings & 6,665 Reviews","₹12,999"
"REDMI K50i (Quick Silver, 256 GB)","₹25,398",4.4,118 Ratings & 18 Reviews,
"SAMSUNG Galaxy A23 (Black, 128 GB)","₹17,499",4.2,516 Ratings & 38 Reviews,"₹23,990"
Itel Power 100 New,"₹1,289",4.2,666 Ratings & 46 Reviews,"₹1,399"
BlackZone PORSCHE 911,"₹1,469",3.8,364 Ratings & 19 Reviews,
"REDMI Note 11S (Polar White, 128 GB)","₹16,700",4.1,513 Ratings & 51 Reviews,
SAMSUNG Guru 1200,"₹1,660",4.1,"6,534 Ratings & 477 Reviews",
"SAMSUNG M53 5G (Emerald Brown, 128 GB)","₹29,999",4.4,23 Ratings & 0 Reviews,
DIZO Star 300,"₹1,449",3.9,"9,050 Ratings & 1,087 Reviews",
DIZO Star 300,"₹1,449",3.9,"9,050 Ratings & 1,087 Reviews",
"SAMSUNG GALAXY M13 5G (Stardust Brown, 64 GB)","₹13,198",3.7,57 Ratings & 0 Reviews,
"SAMSUNG Galaxy M33 5G (Emarld Brown, 128 GB)","₹15,089",4.2,"4,393 Ratings & 423 Reviews",
"Itel A27 (Silver Purple, 32 GB)","₹5,099",4,489 Ratings & 36 Reviews,"₹5,599"
"SAMSUNG GALAXY M13 5G (Midnight Blue, 64 GB)","₹13,389",3.7,57 Ratings & 0 Reviews,
Kechaoda K55,"₹1,250",3.8,93 Ratings & 6 Reviews,
Energizer Hardcase E100,"₹1,099",3.8,889 Ratings & 115 Reviews,
GREENBERRI F1,"₹1,399",3.9,"1,265 Ratings & 92 Reviews","₹1,499"
"MOTOROLA Edge 20 Fusion 5G (Cyber Teal, 128 GB)","₹18,999",4,"17,942 Ratings & 2,461 Reviews","₹24,999"
GREENBERRI F1,"₹1,399",3.9,"1,265 Ratings & 92 Reviews","₹1,499"
"REDMI Note 11S (Space Black, 128 GB)","₹15,499",4.2,"1,283 Ratings & 114 Reviews",
"vivo Y21G (Midnight Blue, 64 GB)","₹13,499",4.4,"1,618 Ratings & 138 Reviews","₹17,990"
"vivo Y21G (Diamond Glow, 64 GB)","₹13,499",4.4,"1,618 Ratings & 138 Reviews","₹17,990"
Kechaoda K66 The Music House 4,"₹1,140",3.9,"14,171 Ratings & 1,125 Reviews",
Itel Ace,₹949,4,"6,130 Ratings & 512 Reviews",₹999
,,,,
,,,,
"REDMI Note 11S (Space Black, 128 GB)","₹15,499",4.2,"1,283 Ratings & 114 Reviews",
GREENBERRI F1,"₹1,399",3.9,"1,265 Ratings & 92 Reviews","₹1,499"
"REDMI Note 10T 5G (Graphite Black, 128 GB)","₹18,999",4.2,"26,560 Ratings & 2,055 Reviews",
LAVA A5,"₹1,429",4.1,"11,950 Ratings & 1,140 Reviews",
Kechaoda K66 The Music House 4,"₹1,140",3.9,"14,171 Ratings & 1,125 Reviews",
Itel Ace,₹949,4,"6,124 Ratings & 512 Reviews",₹999
LAVA A1 2021,"₹1,129",4.1,"1,725 Ratings & 160 Reviews",
LAVA A1,₹999,4.2,"20,174 Ratings & 1,913 Reviews","₹1,049"
"SAMSUNG Galaxy F12 (Sea Green, 64 GB)","₹10,499",4.3,"2,93,905 Ratings & 23,388 Reviews","₹12,999"
Good One FLIP,"₹1,399",4,315 Ratings & 45 Reviews,
Nokia 5710 XpressAudio,"₹5,899",4,17 Ratings & 2 Reviews,
"vivo Y21A (Diamond Glow, 64 GB)","₹12,990",4.3,"1,723 Ratings & 132 Reviews","₹13,390"
Kechaoda K33 Rock,"₹1,249",,,
SAMSUNG Guru Music 2,"₹2,399",4.3,"1,92,544 Ratings & 18,066 Reviews",
"IQOO Z6 Pro 5G (Legion Sky, 256 GB)","₹27,499",4.5,54 Ratings & 3 Reviews,
"POCO F4 5G (Night Black, 256 GB)","₹33,999",4.4,"1,821 Ratings & 277 Reviews","₹39,999"
"SAMSUNG Galaxy F12 (Celestial Black, 64 GB)","₹10,499",4.3,"2,93,905 Ratings & 23,388 Reviews","₹12,999"
"SAMSUNG Galaxy S22 Plus 5G (Phantom Black, 128 GB)","₹84,999",4.6,"1,054 Ratings & 127 Reviews","₹1,01,999"
"Redmi Note 11 (Starburst White, 64 GB)","₹12,045",4.2,"6,886 Ratings & 659 Reviews","₹12,999"
Itel Ace,"₹1,045",4,"6,124 Ratings & 512 Reviews",
"APPLE iPhone 13 ((PRODUCT)RED, 256 GB)","₹75,990",4.7,"1,26,925 Ratings & 6,764 Reviews","₹79,900"
Nuvo FLASH,₹899,3.7,879 Ratings & 91 Reviews,
Kechaoda K66 The Music House 4,"₹1,300",3.9,"14,171 Ratings & 1,125 Reviews",
"Tecno Spark 8 (Atlantic Blue, 64 GB)","₹8,495",4.1,581 Ratings & 44 Reviews,"₹9,999"
,,,,
,,,,
Kechaoda A26,"₹1,069",4.1,"13,015 Ratings & 966 Reviews","₹1,190"
KARBONN K110i,₹950,,,
Kechaoda A26,"₹1,074",4.1,"13,015 Ratings & 966 Reviews","₹1,190"
"POCO M3 (Yellow, 128 GB)","₹12,999",4.3,"4,77,800 Ratings & 34,658 Reviews","₹14,999"
"APPLE iPhone 12 Mini (White, 128 GB)","₹59,990",4.5,"1,12,954 Ratings & 9,055 Reviews","₹64,900"
"OPPO A54 (Crystal Black, 128 GB)","₹14,990",4.4,"10,370 Ratings & 648 Reviews","₹15,990"
"APPLE iPhone 12 Mini (Blue, 128 GB)","₹59,990",4.5,"1,12,954 Ratings & 9,055 Reviews","₹64,900"
"APPLE iPhone SE (White, 64 GB)","₹28,990",4.5,"1,53,209 Ratings & 12,031 Reviews","₹39,900"
"realme 9 Pro+ 5G (Midnight Black, 128 GB)","₹24,999",4.4,"27,582 Ratings & 3,375 Reviews","₹27,999"
Itel Ace 2N,₹895,4.1,164 Ratings & 9 Reviews,
"OPPO A16E (Midnight Black, 32 GB)","₹9,490",4.3,310 Ratings & 11 Reviews,"₹13,990"
"OPPO A16E (Midnight Black, 64 GB)","₹9,999",4.2,921 Ratings & 45 Reviews,"₹15,990"
"OPPO A15s (Dynamic Black, 64 GB)","₹10,285",4.4,"5,062 Ratings & 278 Reviews","₹11,389"
"OPPO A15S (Fancy white, 128 GB)","₹11,380",4.4,"5,062 Ratings & 278 Reviews","₹12,990"
"OPPO A15S (Rainbow Silver, 64 GB)","₹10,989",4.4,"5,062 Ratings & 278 Reviews","₹12,989"
SAMSUNG Metro 313 Dual Sim,"₹2,250",4.3,"23,236 Ratings & 2,394 Reviews","₹2,340"
LAVA A5,"₹1,549",4.1,"11,950 Ratings & 1,140 Reviews","₹1,550"
"REDMI 10 Prime (Astral White, 64 GB)","₹11,099",4.2,"10,365 Ratings & 776 Reviews",
"Infinix Note 12 TURBO (Force Black, 128 GB)","₹14,999",4.2,"5,629 Ratings & 757 Reviews","₹19,999"
"Infinix Note 12 TURBO (Snowfall, 128 GB)","₹14,999",4.2,"5,629 Ratings & 757 Reviews","₹19,999"
"vivo Y35 (Dawn Gold, 128 GB)","₹18,499",4.5,401 Ratings & 26 Reviews,"₹22,999"
Kechaoda K33 Rock,"₹1,249",,,
Kechaoda K33 Rock,"₹1,249",,,
"SAMSUNG Galaxy M32 (Light Blue, 64 GB)","₹11,698",4.2,"3,546 Ratings & 361 Reviews",
,,,,
,,,,
"APPLE iPhone 13 (Blue, 256 GB)","₹75,990",4.7,"1,26,925 Ratings & 6,764 Reviews","₹79,900"
"REDMI Note 11S (Polar White, 128 GB)","₹14,785",4.2,"1,283 Ratings & 114 Reviews","₹17,580"
"REDMI Note 11S (Polar White, 64 GB)","₹15,450",4.2,"1,283 Ratings & 114 Reviews","₹19,450"
"realme GT 2 (Steel Black, 256 GB)","₹38,999",4.3,916 Ratings & 128 Reviews,"₹44,999"
"Itel Vision2S (Gradation Blue, 32 GB)","₹6,199",4,808 Ratings & 80 Reviews,"₹6,699"
"REDMI 10 Prime (Phantom Black, 64 GB)","₹10,948",4.2,"10,365 Ratings & 776 Reviews","₹11,445"
"Tecno Spark 9 (Sky Mirror, 64 GB)","₹8,779",4.2,24 Ratings & 1 Reviews,
SAMSUNG Guru Music 2,"₹2,350",4.2,"1,589 Ratings & 112 Reviews",
"LAVA Blaze (Glass Blue, 64 GB)","₹8,699",3.9,712 Ratings & 244 Reviews,"₹9,699"
"realme Narzo 50i (Mint Green, 32 GB)","₹6,249",4.5,"1,18,546 Ratings & 4,734 Reviews","₹7,999"
"POCO M3 (Cool Blue, 64 GB)","₹11,990",4.3,"1,23,527 Ratings & 8,898 Reviews",
"SAMSUNG Galaxy M32 (Light Blue, 128 GB)","₹14,394",4.2,"3,601 Ratings & 327 Reviews","₹18,150"
"Tecno Spark Go 2022 (ice silver, 32 GB)","₹6,876",4.2,540 Ratings & 40 Reviews,
Nokia 105 DS 2020,"₹1,699",4.2,"26,963 Ratings & 2,039 Reviews",
"SAMSUNG Galaxy F12 (Sky Blue, 128 GB)","₹11,499",4.3,"2,93,905 Ratings & 23,388 Reviews","₹13,999"
"OnePlus Nord CE 2 Lite 5G (Blue Tide, 128 GB)","₹19,990",4.4,"24,948 Ratings & 2,206 Reviews",
KARBONN K9,"₹1,390",4.1,"7,387 Ratings & 635 Reviews","₹1,398"
Itel Ace,"₹1,041",4,"6,124 Ratings & 512 Reviews",
"Infinix Note 11s (Haze Green, 64 GB)","₹13,999",4.3,"11,167 Ratings & 1,506 Reviews","₹16,999"
"Infinix Note 11s (Symphony Cyan, 64 GB)","₹13,999",4.3,"11,167 Ratings & 1,506 Reviews","₹16,999"
"REDMI Note 11S (Polar White, 128 GB)","₹15,199",4.2,"1,283 Ratings & 114 Reviews",
LAVA Hero 600+,₹940,4.1,"7,581 Ratings & 695 Reviews",₹970
"REDMI Note 11S (Horizon Blue, 64 GB)","₹13,772",4.2,"1,283 Ratings & 114 Reviews","₹19,990"
"REDMI Note 11S (Horizon Blue, 128 GB)","₹16,999",4.1,513 Ratings & 51 Reviews,
,,,,
,,,,
Micromax X708 Black grey,"₹1,499",3.8,8 Ratings & 0 Reviews,
"APPLE iPhone 14 Plus (Purple, 256 GB)","₹99,900",4.7,46 Ratings & 5 Reviews,
"Infinix Note 11 (Celestial Snow, 128 GB)","₹14,499",4.2,"9,089 Ratings & 1,107 Reviews","₹16,999"
"Infinix Note 11 (Graphite Black, 128 GB)","₹14,499",4.2,"9,089 Ratings & 1,107 Reviews","₹16,999"
Itel Power 410,"₹1,469",4.1,"1,424 Ratings & 134 Reviews",
"APPLE iPhone 14 (Purple, 128 GB)","₹79,900",4.7,258 Ratings & 12 Reviews,
Micromax X416,"₹1,070",4,405 Ratings & 43 Reviews,
Kechaoda K55,"₹1,280",3.8,93 Ratings & 6 Reviews,
"SAMSUNG GALAXY M13 5G (Midnight Blue, 64 GB)","₹13,389",3.7,57 Ratings & 0 Reviews,
"REDMI 11 Prime 5G (Thunder Black, 64 GB)","₹12,837",4.4,99 Ratings & 6 Reviews,
"OPPO A31 (Fantasy White, 128 GB)","₹13,969",4.3,"29,265 Ratings & 1,855 Reviews",
"OPPO A54 (Moonlight Gold, 128 GB)","₹15,990",4.3,"3,852 Ratings & 221 Reviews","₹17,990"
"SAMSUNG GALAXY M13 5G (Aqua Green, 128 GB)","₹14,889",4.2,45 Ratings & 5 Reviews,
"OPPO A16 (Pearl Blue, 64 GB)","₹12,990",4.3,"3,391 Ratings & 243 Reviews","₹15,990"
Motorola a50,"₹1,699",4.1,"1,210 Ratings & 122 Reviews","₹1,999"
Kechaoda K-55 Plus,₹999,4,"11,327 Ratings & 924 Reviews",
"Xiaomi 12 Pro 5G (Opera Mauve, 256 GB)","₹54,999",4.2,98 Ratings & 14 Reviews,"₹57,990"
"OPPO F17 Pro (Metallic White, 128 GB)","₹17,990",4.3,"28,126 Ratings & 2,423 Reviews","₹25,990"
Kechaoda K115,"₹1,149",4.1,"27,540 Ratings & 2,164 Reviews",
Kechaoda K115,"₹1,140",4.1,"27,540 Ratings & 2,164 Reviews",
"Tecno SPARK 7 Pro (Alps Blue, 64 GB)","₹10,025",4.2,"1,443 Ratings & 87 Reviews",
"Google Pixel 7 Pro (Obsidian, 128 GB)","₹84,999",4.6,101 Ratings & 15 Reviews,
"APPLE iPhone 14 Plus (Blue, 128 GB)","₹89,900",4.7,46 Ratings & 5 Reviews,
"realme C25Y (Metal Grey, 64 GB)","₹8,999",4.4,"1,36,638 Ratings & 5,906 Reviews","₹12,999"
,,,,
"Infinix Hot 11 2022 (Aurora Green, 64 GB)","₹9,999",4.2,"11,232 Ratings & 952 Reviews","₹12,999"
"REDMI 9 Prime (Mint Green, 64 GB)","₹10,499",4.4,"2,25,441 Ratings & 15,247 Reviews","₹11,999"
"Infinix Hot 11 (Emerald Green, 64 GB)","₹9,999",4.3,"15,595 Ratings & 1,342 Reviews","₹11,999"
Kechaoda K66 The Music House 4,"₹1,300",3.9,"14,203 Ratings & 1,128 Reviews",
"Xiaomi 11i 5G (Stealth Black, 128 GB)","₹26,999",4.2,"18,817 Ratings & 2,386 Reviews","₹31,999"
LAVA A7 Star,"₹1,529",4.1,121 Ratings & 14 Reviews,"₹1,849"
"Infinix Hot 11S (Polar Black, 128 GB)","₹11,999",4.3,"44,827 Ratings & 4,859 Reviews","₹14,999"
GFive U707,₹749,3.6,"10,640 Ratings & 1,006 Reviews",
Motorola a50,"₹1,699",4.1,"1,218 Ratings & 122 Reviews","₹1,999"
"vivo y15s (MYSTIC BLUE, 32 GB)","₹9,790",4.3,"2,847 Ratings & 214 Reviews",
"SAMSUNG Galaxy M32 5G (Slate Black, 128 GB)","₹18,299",4.2,"1,192 Ratings & 71 Reviews",
GREENBERRI F1,"₹1,399",3.9,"1,266 Ratings & 92 Reviews","₹1,499"
"OPPO A16k (Blue, 64 GB)","₹9,999",4.2,426 Ratings & 29 Reviews,"₹15,990"
"OPPO F19 Pro (Crystal Silver, 128 GB)","₹18,489",4.3,"9,021 Ratings & 743 Reviews","₹20,290"
"Micromax x412 black, red","₹1,199",4.2,6 Ratings & 0 Reviews,
"REDMI Note 11 (Horizon Blue, 64 GB)","₹11,999",4.2,6 Ratings & 0 Reviews,
"Google Pixel 7 Pro (Snow, 128 GB)","₹84,999",4.5,126 Ratings & 23 Reviews,
"SAMSUNG Galaxy S22 Plus 5G (Phantom Black, 128 GB)","₹84,999",4.6,"1,093 Ratings & 130 Reviews","₹1,01,999"
"REDMI Note 11T 5G (Stardust White, 128 GB)","₹17,430",4.2,"4,315 Ratings & 351 Reviews",
"REDMI Note 11T 5G (Aquamarine Blue, 128 GB)","₹16,990",4.2,"4,315 Ratings & 351 Reviews","₹17,095"
"Itel Vision 3 (Deep Ocean Black, 64 GB)","₹6,999",4,286 Ratings & 38 Reviews,"₹7,949"
"POCO F4 5G (Nebula Green, 128 GB)","₹27,999",4.3,"9,258 Ratings & 1,360 Reviews","₹32,999"
"OPPO Reno7 Pro 5G (Starlight Black, 256 GB)","₹34,999",4.3,"6,513 Ratings & 909 Reviews","₹47,990"
"Infinix Note 11s Free Fire Edition (Symphony Cyan, 128 GB)","₹15,999",4.3,"6,597 Ratings & 899 Reviews","₹18,999"
,,,,
,,,,
Nokia 105DS PLUS,"₹1,541",4.1,127 Ratings & 10 Reviews,
"Itel Vision 3 (Deep Ocean Black, 64 GB)","₹6,999",4,285 Ratings & 38 Reviews,"₹7,949"
"OPPO A57 (Green, 64 GB)","₹13,799",4.4,"1,614 Ratings & 87 Reviews",
Micromax X416,"₹1,070",4,405 Ratings & 43 Reviews,
"OPPO F19 Pro (Fluid Black, 256 GB)","₹25,990",4.3,"9,003 Ratings & 741 Reviews",
"Infinix Note 11s Free Fire Edition (Symphony Cyan, 128 GB)","₹15,999",4.3,"6,576 Ratings & 894 Reviews","₹18,999"
"SAMSUNG Galaxy A33 (Awesome Peach, 128 GB)","₹25,999",4.1,535 Ratings & 64 Reviews,"₹33,990"
"vivo Y22 (Metaverse Green, 64 GB)","₹14,499",4.1,50 Ratings & 2 Reviews,"₹17,990"
"vivo Y22 (Metaverse Green, 128 GB)","₹16,499",4.4,37 Ratings & 2 Reviews,"₹19,990"
"vivo Y22 (Starlit Blue, 64 GB)","₹14,499",4.1,50 Ratings & 2 Reviews,"₹17,990"
Kechaoda K33 Rock,"₹1,249",,,
"vivo Y21T (Pearl White, 128 GB)","₹15,499",4.4,"1,327 Ratings & 94 Reviews","₹19,990"
"IQOO Z6 44W (Ravan Black, 128 GB)","₹16,183",4.2,251 Ratings & 17 Reviews,
LAVA A1,₹899,4.2,"1,06,871 Ratings & 11,404 Reviews","₹1,049"
KARBONN K9 Yuva,"₹1,284",3.9,502 Ratings & 34 Reviews,
"Infinix Note 11s Free Fire Edition (Mithril Grey, 128 GB)","₹15,999",4.3,"6,576 Ratings & 894 Reviews","₹18,999"
"MOTOROLA e32 (Arctic Blue, 64 GB)","₹10,499",,,"₹11,999"
"Infinix Note 11s Free Fire Edition (Haze Green, 128 GB)","₹15,999",4.3,"6,576 Ratings & 894 Reviews","₹18,999"
Itel it2163S,₹989,4,298 Ratings & 28 Reviews,₹999
"Tecno Pova 3 (Tech Silver, 64 GB)","₹12,890",4.3,40 Ratings & 4 Reviews,
"SAMSUNG Galaxy A22 5G (Violet, 128 GB)","₹17,999",4.1,"2,310 Ratings & 219 Reviews","₹18,999"
"OnePlus Nord 2T 5G (Gray Shadow, 256 GB)","₹33,979",4.4,832 Ratings & 70 Reviews,
"OPPO A96 (Starry Black, 128 GB)","₹17,999",4.3,728 Ratings & 69 Reviews,"₹23,999"
SAMSUNG GURU 1200,"₹1,660",4.1,362 Ratings & 24 Reviews,
,,,,
,,,,
Kechaoda K103,"₹1,399",3.9,276 Ratings & 21 Reviews,
"Xiaomi 11Lite NE (Diamond Dazzle, 128 GB)","₹24,989",4.2,"1,278 Ratings & 138 Reviews",
"Xiaomi 11Lite NE (Vinyl Black, 128 GB)","₹23,579",4.2,"1,278 Ratings & 138 Reviews","₹24,298"
"APPLE iPhone 14 Plus ((PRODUCT)RED, 128 GB)","₹89,900",4.7,46 Ratings & 5 Reviews,
"Redmi Note 11 PRO Plus 5G (Stealth Black, 256 GB)","₹23,980",4.2,"1,511 Ratings & 128 Reviews","₹24,980"
"SAMSUNG S20 FE 5G (Cloud Mint, 128 GB)","₹28,955",4.2,"2,751 Ratings & 325 Reviews",
"vivo Y22 (Starlit Blue, 128 GB)","₹16,499",4.4,37 Ratings & 2 Reviews,"₹19,990"
"Infinix Hot 11S (7° Purple, 128 GB)","₹11,999",4.3,"44,781 Ratings & 4,851 Reviews","₹14,999"
"Infinix Hot 11S (Green Wave, 128 GB)","₹11,999",4.3,"44,781 Ratings & 4,851 Reviews","₹14,999"
"vivo V23e 5G (Sunshine Gold, 128 GB)","₹24,489",4.2,"1,430 Ratings & 137 Reviews",
"Infinix Hot 11S (Polar Black, 128 GB)","₹11,999",4.3,"44,781 Ratings & 4,851 Reviews","₹14,999"
Good One Magic,"₹1,450",4,"3,697 Ratings & 291 Reviews","₹1,499"
Kechaoda A32,"₹1,099",3.9,171 Ratings & 13 Reviews,"₹1,175"
"POCO M3 (Power Black, 128 GB)","₹12,999",4.3,"4,77,800 Ratings & 34,658 Reviews","₹14,999"
Cellecor X30+,"₹1,849",3.4,9 Ratings & 2 Reviews,
Good One Magic,"₹1,450",4,"3,697 Ratings & 291 Reviews","₹1,499"
"vivo Y75 (Moonlight Shadow, 128 GB)","₹20,999",4.2,"1,055 Ratings & 96 Reviews","₹25,990"
"realme GT 2 (Paper White, 128 GB)","₹30,999",4.3,"3,980 Ratings & 547 Reviews","₹39,999"
Snexian BOLD 1K,"₹1,099",3.8,14 Ratings & 1 Reviews,
"REDMI 9i (Nature Green, 64 GB)","₹8,999",4.3,"5,72,309 Ratings & 33,911 Reviews","₹9,999"
LAVA A7 Star,"₹1,529",4.1,121 Ratings & 14 Reviews,"₹1,849"
Lava Pulse Mobile Phone-With BP & Heart Rate Monitor,"₹1,938",4.1,"2,948 Ratings & 373 Reviews","₹1,940"
"IQOO Z6 44W (Lumina Blue, 128 GB)","₹16,337",4.2,251 Ratings & 17 Reviews,
"realme 9 Pro+ 5G (Sunrise Blue, 128 GB)","₹26,999",4.4,"23,195 Ratings & 2,686 Reviews","₹29,999"
,,,,
,,,,
Snexian BOLD 1K,"₹1,099",3.8,14 Ratings & 1 Reviews,
Good One FLIP,"₹1,399",4,320 Ratings & 45 Reviews,
Lava Pulse Mobile Phone-With BP & Heart Rate Monitor,"₹1,938",4.1,"2,948 Ratings & 373 Reviews","₹1,940"
"Redmi 8A Dual (Sea Blue, 64 GB)","₹8,990",4.2,"18,078 Ratings & 1,180 Reviews",
"OPPO A15 (Mystery Blue, 32 GB)","₹10,990",4.3,"1,950 Ratings & 113 Reviews","₹12,990"
Nuvo FLASH,₹899,3.7,882 Ratings & 91 Reviews,
"realme GT 2 (Steel Black, 128 GB)","₹30,999",4.3,"4,039 Ratings & 563 Reviews","₹39,999"
"realme GT 2 (Paper Green, 128 GB)","₹30,999",4.3,"4,039 Ratings & 563 Reviews","₹39,999"
"MOTOROLA Edge 30 Ultra (Interstellar Black, 128 GB)","₹59,999",4.4,564 Ratings & 135 Reviews,"₹69,999"
Kechaoda 888,"₹1,927",4.1,84 Ratings & 6 Reviews,
"Tecno Spark 8C (Turquoise Cyan, 64 GB)","₹9,249",4.3,86 Ratings & 9 Reviews,
"SAMSUNG Galaxy A33 (Awesome Peach, 128 GB)","₹25,999",4.1,542 Ratings & 64 Reviews,"₹33,990"
Snexian Guru 5071,₹899,3.4,13 Ratings & 2 Reviews,
"OPPO A57 (Glowing Green, 64 GB)","₹13,999",4.4,"1,625 Ratings & 89 Reviews","₹16,990"
LAVA A5,"₹1,410",4.1,"11,957 Ratings & 1,142 Reviews","₹1,590"
"SAMSUNG S20FE 5G (Cloud Lavender, 128 GB)","₹34,999",3.9,9 Ratings & 0 Reviews,
"Xiaomi 12 Pro 5G (Opera Mauve, 256 GB)","₹54,999",4.2,99 Ratings & 15 Reviews,"₹57,990"
Itel IT2173,₹979,4.1,"1,714 Ratings & 158 Reviews","₹1,025"
Kechaoda K116,"₹1,290",3.9,"5,798 Ratings & 460 Reviews",
"POCO M2 Reloaded (Greyish Black, 64 GB)","₹9,999",4.3,"66,142 Ratings & 4,585 Reviews","₹11,999"
"Infinix Hot 10S (7° Purple, 64 GB)","₹10,999",4.3,"49,864 Ratings & 4,664 Reviews","₹13,999"
"vivo V21e (Dark Pearl, 128 GB)","₹24,990",4.3,"7,797 Ratings & 735 Reviews","₹27,990"
"vivo V21e (Sunset Jazz, 128 GB)","₹24,990",4.3,"7,797 Ratings & 735 Reviews","₹27,990"
"Tecno Spark 8C (Iris Purple, 64 GB)","₹8,997",4.3,86 Ratings & 9 Reviews,
,,,,
,,,,
"Tecno Spark 8C (Magnet Black, 64 GB)","₹9,189",4.3,86 Ratings & 9 Reviews,
"SAMSUNG Galaxy M32 (Black, 64 GB)","₹11,768",4.2,"3,567 Ratings & 364 Reviews",
Nokia 2660 DS 4G Flip Blue,"₹5,499",4.3,18 Ratings & 0 Reviews,
Kechaoda K66 The Music House 4,"₹1,300",3.9,"14,203 Ratings & 1,128 Reviews",
"APPLE iPhone 14 Plus (Purple, 128 GB)","₹89,900",4.7,53 Ratings & 7 Reviews,
"Infinix Note 11s (Mithril Grey, 64 GB)","₹13,999",4.3,"11,181 Ratings & 1,507 Reviews","₹16,999"
"Maplin Map-10 5G (Dark Blue, 64 GB)","₹9,988",,,
KARBONN K140 Pop,"₹1,099",3.9,"5,115 Ratings & 445 Reviews",
"realme 8 5G (Supersonic Black, 128 GB)","₹18,499",4.4,"69,308 Ratings & 5,696 Reviews","₹18,999"
"Nokia C21 Plus (Grey, 32 GB)","₹11,049",3.5,11 Ratings & 2 Reviews,"₹11,999"
"Tecno Spark 9T (Atlantic Blue, 64 GB)","₹9,598",4.3,13 Ratings & 0 Reviews,
"Tecno Spark 9T (Turquoise Cyan, 64 GB)","₹9,629",4.3,13 Ratings & 0 Reviews,
"POCO M3 Pro 5G (Cool Blue, 128 GB)","₹16,499",4.2,"51,066 Ratings & 4,358 Reviews","₹17,999"
"Redmi Note 11 PRO Plus 5G (Mirage Blue, 256 GB)","₹23,595",4.2,"1,526 Ratings & 129 Reviews",
"Redmi Note 11 PRO Plus 5G (Stealth Black, 128 GB)","₹21,786",4.2,"1,526 Ratings & 129 Reviews",
Kechaoda A20,₹999,3.8,48 Ratings & 2 Reviews,
"OnePlus Nord 2T 5G (Jade Fog, 128 GB)","₹28,980",4.4,"3,360 Ratings & 360 Reviews",
"Itel A23S (Sky Black, 32 GB)","₹4,799",3.3,25 Ratings & 0 Reviews,
"SAMSUNG Galaxy A53 (Awesome Peach, 128 GB)","₹31,999",4.1,918 Ratings & 106 Reviews,"₹39,990"
"Infinix Note 10 Pro (Nordic Secret, 256 GB)","₹16,999",4.2,"12,251 Ratings & 1,646 Reviews","₹19,999"
"Xiaomi 11i 5G (Pacific Pearl, 128 GB)","₹26,999",4.2,"18,817 Ratings & 2,386 Reviews","₹31,999"
"Micromax IN 1b (Blue, 64 GB)","₹8,499",4.1,"34,473 Ratings & 5,399 Reviews","₹10,499"
"REDMI 9 Prime (Matte Black, 128 GB)","₹12,990",4.4,"2,25,441 Ratings & 15,247 Reviews","₹13,599"
"POCO M3 Pro 5G (Yellow, 128 GB)","₹16,499",4.2,"51,066 Ratings & 4,358 Reviews","₹17,999"
,,,,
,,,,
Kechaoda K115,"₹1,125",4.1,"27,556 Ratings & 2,165 Reviews",
Snexian Guru 5071,₹899,3.4,13 Ratings & 2 Reviews,
Nokia 105,"₹1,525",4.1,"30,843 Ratings & 2,703 Reviews",
"OPPO A16 (Crystal Black, 64 GB)","₹12,990",4.3,"3,394 Ratings & 243 Reviews","₹15,990"
Nokia 8210 4G,"₹4,098",3.9,33 Ratings & 4 Reviews,
KARBONN K31 Star,"₹1,345",3.9,37 Ratings & 2 Reviews,
Itel ACE 2N,₹899,4.1,165 Ratings & 9 Reviews,
"SAMSUNG Galaxy A22 5G (Violet, 128 GB)","₹16,499",4.1,"2,313 Ratings & 220 Reviews","₹18,999"
"APPLE iPhone 14 ((PRODUCT)RED, 128 GB)","₹79,900",4.7,264 Ratings & 15 Reviews,
"OPPO F21s Pro (Starlight Black, 128 GB)","₹21,980",4.2,40 Ratings & 4 Reviews,
"SAMSUNG Galaxy A23 (Peach, 128 GB)","₹18,999",4.3,289 Ratings & 22 Reviews,"₹25,490"
"Tecno Camon 18 (Iris Purple, 128 GB)","₹12,299",4.2,258 Ratings & 23 Reviews,
"SAMSUNG Galaxy A33 (Awesome Blue, 128 GB)","₹25,999",4.1,542 Ratings & 64 Reviews,"₹33,990"
"Infinix Hot 10 Play (Aegean Blue, 32 GB)","₹8,299",4.3,"26,711 Ratings & 2,023 Reviews","₹9,999"
"POCO F4 5G (Nebula Green, 128 GB)","₹27,999",4.3,"9,258 Ratings & 1,360 Reviews","₹32,999"
"APPLE iPhone SE (Red, 64 GB)","₹28,990",4.5,"1,53,221 Ratings & 12,031 Reviews","₹39,900"
"MOTOROLA Edge 30 Ultra (Starlight White, 128 GB)","₹59,999",4.4,564 Ratings & 135 Reviews,"₹69,999"
Nokia 105 PLUS SS,"₹1,432",4,136 Ratings & 14 Reviews,
Kechaoda K33,"₹1,135",4,"7,894 Ratings & 533 Reviews","₹1,190"
"realme 50A Prime (Flash Blue, 64 GB)","₹11,969",,,
Nokia 105DS PLUS,"₹1,579",4.1,129 Ratings & 10 Reviews,
Kechaoda A27,"₹1,075",4.1,"6,002 Ratings & 481 Reviews","₹1,190"
"APPLE iPhone 14 (Purple, 256 GB)","₹89,900",4.7,264 Ratings & 15 Reviews,
"Infinix Hot 11S (Silver Wave, 64 GB)","₹10,999",4.3,"44,827 Ratings & 4,859 Reviews","₹13,999"
,,,,
,,,,
"OPPO F19 Pro (Crystal Silver, 256 GB)","₹22,990",4.3,"9,003 Ratings & 741 Reviews",
Good One Magic,"₹1,450",4,"3,697 Ratings & 291 Reviews","₹1,499"
"vivo Y20G 2021 (Purist Blue, 64 GB)","₹13,990",4.3,"6,092 Ratings & 428 Reviews","₹16,990"
"OPPO Reno7 5G (Starry Black, 256 GB)","₹28,999",4.2,"15,401 Ratings & 2,003 Reviews","₹37,990"
"Infinix Hot 11S (Polar Black, 64 GB)","₹10,999",4.3,"44,781 Ratings & 4,851 Reviews","₹13,999"
"Infinix Hot 11S (Green Wave, 64 GB)","₹10,999",4.3,"44,781 Ratings & 4,851 Reviews","₹13,999"
"OPPO Reno7 5G (Startrails Blue, 256 GB)","₹28,999",4.2,"15,401 Ratings & 2,003 Reviews","₹37,990"
Itel it5026,"₹1,309",4,902 Ratings & 90 Reviews,
"Tecno Pop 5 LTE (Turquoise Cyan, 32 GB)","₹6,539",4.2,414 Ratings & 26 Reviews,
"SAMSUNG Galaxy A23 (Blue, 128 GB)","₹17,499",4.2,516 Ratings & 38 Reviews,"₹23,990"
"LYF Earth 2 (White, 32 GB)","₹5,299",3.3,157 Ratings & 16 Reviews,
"MOTOROLA g42 (Atlantic Green, 64 GB)","₹13,999",4.1,"1,721 Ratings & 239 Reviews","₹16,999"
"realme C21 (Cross Black, 64 GB)","₹10,499",4.4,"1,45,896 Ratings & 7,082 Reviews","₹10,999"
Itel It2171,"₹1,049",4.1,"3,237 Ratings & 307 Reviews","₹1,149"
Snexian BOLD 777,₹999,,,
"SAMSUNG GALAXY M13 5G (Aqua Green, 64 GB)","₹13,969",3.7,57 Ratings & 0 Reviews,
"vivo Y21T (Midnight Blue, 128 GB)","₹15,499",4.4,"1,327 Ratings & 94 Reviews","₹19,990"
Kechaoda A27,"₹1,075",4.1,"5,998 Ratings & 480 Reviews","₹1,145"
"OPPO F17 Pro (Magic Blue, 128 GB)","₹17,990",4.3,"28,126 Ratings & 2,423 Reviews","₹25,990"
"OPPO A96 (Sunset Blue, 128 GB)","₹17,999",4.3,728 Ratings & 69 Reviews,"₹23,999"
LAVA A9,"₹1,680",4.1,"7,955 Ratings & 801 Reviews","₹1,849"
"realme C12 (Power Blue, 32 GB)","₹8,899",4.4,"3,22,027 Ratings & 19,472 Reviews","₹10,999"
Itel Magic3 Smart Touch Keypad,"₹1,688",4.1,511 Ratings & 47 Reviews,"₹2,099"
"SAMSUNG Galaxy A23 (Black, 128 GB)","₹18,999",4.3,286 Ratings & 22 Reviews,"₹25,490"
,,,,
,,,,
"vivo Y31 (Racing Black, 128 GB)","₹16,549",4.4,"8,551 Ratings & 601 Reviews","₹20,490"
"realme 8 5G (Supersonic Blue, 64 GB)","₹15,499",4.3,"75,246 Ratings & 6,011 Reviews","₹15,999"
"Infinix Hot 10 Play (7° Purple, 64 GB)","₹9,499",4.3,"1,64,552 Ratings & 11,711 Reviews","₹10,999"
"SAMSUNG Galaxy A33 (Awesome Black, 128 GB)","₹25,999",4.1,535 Ratings & 64 Reviews,"₹33,990"
"SAMSUNG Galaxy M33 5G (Emarld Brown, 128 GB)","₹21,490",4.3,299 Ratings & 18 Reviews,
Salora Coral,₹899,3.8,441 Ratings & 45 Reviews,
"Micromax IN 1b (Blue, 64 GB)","₹8,499",4.1,"34,468 Ratings & 5,399 Reviews","₹10,499"
I Kall K39 Mobile,₹844,3.5,"2,935 Ratings & 310 Reviews",
BlackZone RANGER,₹819,3.6,817 Ratings & 63 Reviews,
"APPLE iPhone 14 Plus (Starlight, 128 GB)","₹89,900",4.7,46 Ratings & 5 Reviews,
Nokia 125 DS,"₹2,420",3.8,756 Ratings & 52 Reviews,
"REDMI Note 10 Lite (Glacier White, 128 GB)","₹14,949",4.3,763 Ratings & 60 Reviews,"₹15,799"
Nokia 3310 DS 2020,"₹3,899",3.9,"34,938 Ratings & 3,563 Reviews",
"REDMI NOTE 10 LITE (Aurora Blue, 128 GB)","₹13,988",4.3,763 Ratings & 60 Reviews,
Snexian BOLD,"₹1,199",3.9,727 Ratings & 25 Reviews,
Micromax X381,₹892,3.9,"2,846 Ratings & 236 Reviews","₹1,499"
"Infinix Hot 11 2022 (Polar Black, 64 GB)","₹9,999",4.2,"11,193 Ratings & 952 Reviews","₹12,999"
Nokia 3310 DS 2020,"₹3,899",3.9,"34,938 Ratings & 3,563 Reviews",
"MOTOROLA G40 Fusion (Frosted Champagne, 64 GB)","₹14,499",4.2,"32,625 Ratings & 3,687 Reviews","₹16,999"
"OPPO Reno8 Pro 5G (Glazed Black, 256 GB)","₹45,999",4.4,"1,453 Ratings & 205 Reviews","₹52,999"
"vivo Y75 (Dancing waves, 128 GB)","₹20,999",4.2,"1,055 Ratings & 96 Reviews","₹25,990"
"APPLE iPhone 12 Mini (Purple, 64 GB)","₹54,990",4.5,"1,12,954 Ratings & 9,055 Reviews","₹59,900"
Itel it2163S,₹989,4,298 Ratings & 28 Reviews,
"SAMSUNG Galaxy F12 (Celestial Black, 128 GB)","₹11,499",4.3,"2,93,905 Ratings & 23,388 Reviews","₹13,999"
,,,,
,,,,
"APPLE iPhone 14 (Starlight, 128 GB)","₹79,900",4.7,264 Ratings & 15 Reviews,
Kechaoda K115,"₹1,135",4.1,"27,556 Ratings & 2,165 Reviews","₹1,240"
"SAMSUNG Galaxy F12 (Celestial Black, 128 GB)","₹11,499",4.3,"2,93,976 Ratings & 23,391 Reviews","₹13,999"
"realme 9 Pro+ 5G (Sunrise Blue, 128 GB)","₹24,999",4.4,"27,820 Ratings & 3,417 Reviews","₹27,999"
"REDMI Note 10 Pro (Vintage Bronze, 128 GB)","₹17,999",4.3,"38,683 Ratings & 3,609 Reviews","₹19,999"
"realme 9 Pro+ 5G (Midnight Black, 128 GB)","₹26,999",4.4,"23,446 Ratings & 2,720 Reviews","₹29,999"
Itel it2163S,₹989,4,301 Ratings & 28 Reviews,
"vivo Y75 (Dancing waves, 128 GB)","₹20,999",4.2,"1,061 Ratings & 97 Reviews","₹25,990"
"APPLE iPhone 12 Mini (Purple, 64 GB)","₹54,990",4.5,"1,13,281 Ratings & 9,088 Reviews","₹59,900"
Kechaoda K33,"₹1,120",4,"7,894 Ratings & 533 Reviews",
"SAMSUNG Galaxy A33 (Awesome Black, 128 GB)","₹24,499",4,971 Ratings & 106 Reviews,"₹32,990"
"APPLE iPhone 14 Plus (Starlight, 128 GB)","₹89,900",4.7,53 Ratings & 7 Reviews,
SAMSUNG Guru Music 2,"₹2,299",4.3,"1,92,614 Ratings & 18,072 Reviews",
KARBONN K9 Yuva,"₹1,349",3.9,503 Ratings & 34 Reviews,
Itel Muzik 110,"₹1,249",4,273 Ratings & 26 Reviews,"₹1,299"
"Itel A27 (Crystal Blue, 32 GB)","₹5,193",4,496 Ratings & 38 Reviews,"₹5,599"
"REDMI Note 9 (Shadow Black, 64 GB)","₹11,999",4.3,"1,22,648 Ratings & 9,411 Reviews","₹14,999"
"REDMI Note 9 (Scarlet Red, 64 GB)","₹12,450",4.3,"1,22,648 Ratings & 9,411 Reviews","₹12,990"
Kechaoda K116,"₹1,299",3.9,"5,798 Ratings & 460 Reviews",
Kechaoda K116,"₹1,190",3.9,"5,798 Ratings & 460 Reviews",
"OPPO A15 (Dynamic Black, 32 GB)","₹10,990",4.3,"1,950 Ratings & 113 Reviews","₹12,990"
Nuvo FLASH,₹899,3.7,882 Ratings & 91 Reviews,
"REDMI 10 Power (Power Black, 128 GB)","₹13,999",4,313 Ratings & 21 Reviews,"₹14,999"
"SAMSUNG Galaxy S22 Plus 5G (Phantom White, 128 GB)","₹84,999",4.6,"1,093 Ratings & 130 Reviews","₹1,01,999"
,,,,
,,,,
"realme Narzo 30A (Laser Black, 32 GB)","₹8,999",4.3,"1,30,215 Ratings & 9,493 Reviews","₹9,999"
"APPLE iPhone 12 Mini (Green, 128 GB)","₹59,990",4.5,"1,12,954 Ratings & 9,055 Reviews","₹64,900"
"realme GT NEO 2 (NEO Black, 256 GB)","₹35,999",4.4,"4,296 Ratings & 619 Reviews","₹38,999"
"realme Narzo 50i (Carbon Black, 64 GB)","₹8,099",4.3,"60,293 Ratings & 3,418 Reviews","₹9,999"
"REDMI Note 10S (Deep Sea Blue, 128 GB)","₹20,999",4.2,"6,688 Ratings & 623 Reviews",
"vivo Y21 (Diamond Glow, 128 GB)","₹17,899",4.3,"13,965 Ratings & 1,060 Reviews","₹17,969"
"REDMI 9 Prime (Sunrise Flare, 64 GB)","₹10,499",4.4,"2,25,415 Ratings & 15,242 Reviews","₹11,999"
"vivo Y21 (Midnight Blue, 64 GB)","₹13,499",4.3,"13,965 Ratings & 1,060 Reviews","₹17,990"
BlackZone PORSCHE 911,"₹1,469",3.8,364 Ratings & 19 Reviews,
"realme 8 5G (Supersonic Blue, 128 GB)","₹16,499",4.3,"75,246 Ratings & 6,011 Reviews","₹16,999"
"REDMI Note 10S (Shadow Black, 128 GB)","₹20,999",4.2,"6,688 Ratings & 623 Reviews",
"APPLE iPhone 12 Mini (Green, 64 GB)","₹54,990",4.5,"1,12,954 Ratings & 9,055 Reviews","₹59,900"
Kechaoda A27,"₹1,059",4.1,"5,998 Ratings & 480 Reviews","₹1,170"
Kechaoda A27,"₹1,074",4.1,"5,998 Ratings & 480 Reviews","₹1,170"
"Infinix Hot 10S (Heart Of Ocean, 64 GB)","₹9,999",4.3,"76,420 Ratings & 6,665 Reviews","₹12,999"
"SAMSUNG Galaxy S22 Plus 5G (Phantom White, 128 GB)","₹84,999",4.6,"1,054 Ratings & 127 Reviews","₹1,01,999"
Kechaoda K116,"₹1,399",3.9,"5,785 Ratings & 460 Reviews",
"SAMSUNG Galaxy A13 (Blue, 128 GB)","₹14,999",4.1,492 Ratings & 37 Reviews,"₹19,990"
"APPLE iPhone SE (Black, 64 GB)","₹28,990",4.5,"1,53,209 Ratings & 12,031 Reviews","₹39,900"
"IQOO Neo 6 5G (Dark Nova, 128 GB)","₹30,499",4.3,282 Ratings & 38 Reviews,
"Tecno Spark 9 (Sky Mirror, 128 GB)","₹10,126",4,216 Ratings & 14 Reviews,
Cellecor E3+,"₹1,149",4.3,9 Ratings & 0 Reviews,
I Kall K22 Plus,₹899,,,
"Infinix Smart 5 (Morandi Green, 32 GB)","₹7,499",4.3,"1,05,351 Ratings & 8,184 Reviews","₹8,999"
,,,,
,,,,
"OPPO A77 (Sky Blue, 128 GB)","₹15,999",4.5,79 Ratings & 5 Reviews,"₹19,999"
Itel Ace Young Without Charger,₹799,4,"2,412 Ratings & 170 Reviews","₹1,049"
SAMSUNG GURU 1200,"₹1,660",4,878 Ratings & 65 Reviews,
Itel IT5026,"₹1,306",4,902 Ratings & 90 Reviews,"₹1,369"
"SAMSUNG Galaxy A33 (Awesome Black, 128 GB)","₹24,499",4,960 Ratings & 104 Reviews,"₹32,990"
"REDMI 9 Power (Fiery Red, 128 GB)","₹15,899",4.3,"2,40,174 Ratings & 17,014 Reviews",
Snexian BOLD 600,"₹1,099",3.9,46 Ratings & 1 Reviews,
"SAMSUNG Galaxy S22 5G (Green, 256 GB)","₹55,990",4.1,7 Ratings & 0 Reviews,
"REDMI 11 Prime (Flashy Black, 64 GB)","₹12,400",,,
LAVA A1,"₹1,224",4.2,"1,06,871 Ratings & 11,404 Reviews",
"SAMSUNG Galaxy A73 5G (Awesome Mint, 256 GB)","₹44,999",4.2,"1,010 Ratings & 137 Reviews","₹49,990"
"SAMSUNG Galaxy A13 (Black, 128 GB)","₹14,999",4.1,492 Ratings & 37 Reviews,"₹19,990"
"realme Narzo 30 (Racing Blue, 64 GB)","₹13,499",4.4,"1,05,264 Ratings & 8,929 Reviews","₹14,999"
Itel Magic3 Smart Touch Keypad,"₹1,688",4.1,511 Ratings & 47 Reviews,"₹2,099"
Kechaoda K115 PRO,"₹1,198",4,45 Ratings & 3 Reviews,
Cellecor X30+,"₹1,849",3.4,8 Ratings & 2 Reviews,
Kechaoda K115 PRO,"₹1,199",4,45 Ratings & 3 Reviews,
"SAMSUNG M32 5G (Slate Black, 128 GB)","₹18,989",4.1,"3,688 Ratings & 273 Reviews",
"vivo Y15c (Wave Green, 32 GB)","₹10,389",4.1,776 Ratings & 55 Reviews,"₹10,889"
"OPPO A31 (Lake Green, 64 GB)","₹12,988",4.3,"21,962 Ratings & 1,456 Reviews","₹12,990"
"vivo Y15c (Mystic Blue, 32 GB)","₹10,189",4.1,776 Ratings & 55 Reviews,"₹10,989"
"Micromax IN 1 (Purple, 128 GB)","₹11,999",4.2,"6,923 Ratings & 1,342 Reviews","₹16,499"
"POCO M3 Pro 5G (Cool Blue, 64 GB)","₹14,499",4.3,"61,759 Ratings & 4,799 Reviews","₹15,999"
Kechaoda K33,"₹1,135",4,"7,888 Ratings & 532 Reviews","₹1,190"
,,,,
,,,,
"APPLE iPhone 14 Plus (Midnight, 128 GB)","₹89,900",4.7,46 Ratings & 5 Reviews,
Kechaoda K33,"₹1,135",4,"7,888 Ratings & 532 Reviews","₹1,190"
"Micromax IN 1 (Purple, 128 GB)","₹11,999",4.2,"6,922 Ratings & 1,342 Reviews","₹16,499"
"POCO M3 Pro 5G (Cool Blue, 64 GB)","₹14,499",4.3,"61,759 Ratings & 4,799 Reviews","₹15,999"
"realme 7i (Fusion Green, 64 GB)","₹11,849",4.3,"3,09,502 Ratings & 21,999 Reviews","₹13,999"
"REDMI Note 11 Pro (Phantom White, 128 GB)","₹20,999",4.2,480 Ratings & 36 Reviews,
"REDMI 9i (Nature Green, 64 GB)","₹8,999",4.3,"5,72,309 Ratings & 33,911 Reviews","₹9,999"
"vivo Y73 (Roman Black, 128 GB)","₹19,990",4.4,"9,765 Ratings & 872 Reviews","₹24,990"
Itel it2163S,₹989,4,298 Ratings & 28 Reviews,₹999
"REDMI Note 9 (Pebble Grey, 128 GB)","₹14,999",4.3,"6,489 Ratings & 435 Reviews","₹18,999"
"Maplin Map10 5G (Night Black, 64 GB)","₹9,988",,,
Snexian BOLD 777,₹999,,,
"SAMSUNG Galaxy F12 (Sea Green, 128 GB)","₹11,499",4.3,"2,93,905 Ratings & 23,388 Reviews","₹13,999"
Cellecor E8,"₹1,469",3.8,5 Ratings & 0 Reviews,
Itel Ace Young Without Charger,"₹1,045",4,"2,412 Ratings & 170 Reviews",
Kechaoda A27,"₹1,074",4.1,"5,998 Ratings & 480 Reviews","₹1,170"
"REDMI Note 10 Pro (Dark Night, 128 GB)","₹17,999",4.3,"38,597 Ratings & 3,600 Reviews","₹19,999"
"realme 9 Pro+ 5G (Sunrise Blue, 256 GB)","₹28,999",4.4,"23,195 Ratings & 2,686 Reviews","₹31,999"
"OPPO A77 (Sky Blue, 64 GB)","₹15,499",4.5,79 Ratings & 5 Reviews,"₹18,999"
"OPPO A77 (Sunset Orange, 128 GB)","₹15,999",4.5,79 Ratings & 5 Reviews,"₹19,999"
"realme Narzo 30 (Racing Silver, 64 GB)","₹14,499",4.3,"75,116 Ratings & 5,991 Reviews","₹15,999"
"realme C21 (Cross Blue, 32 GB)","₹9,499",4.4,"71,245 Ratings & 3,897 Reviews","₹9,999"
"realme 9 Pro+ 5G (Midnight Black, 256 GB)","₹28,999",4.4,"23,195 Ratings & 2,686 Reviews","₹31,999"
"realme 9 Pro+ 5G (Aurora Green, 128 GB)","₹26,999",4.4,"23,195 Ratings & 2,686 Reviews","₹29,999"
,,,,
,,,,
